frame_index,time,x,y,radius,mass,peak_rho,mean_rho,area,n_pixels
760,3.8000000000000003,47.0,166.375,2.117634293262177,14.755795202709589,2.1673093762925313,1.8444744003386986,8.0,8
780,3.9,47.0,166.375,2.117634293262177,14.695131445601831,2.100173606234632,1.8368914307002289,8.0,8
800,4.0,47.0,166.375,2.117634293262177,14.484840764307613,2.1262513966856638,1.8106050955384516,8.0,8
1060,5.3,46.375,165.75,2.1028254801575903,16.974508903138158,2.417390047060146,2.1218136128922698,8.0,8
2000,10.0,158.875,82.375,1.5309310892394863,26.387754054401483,3.939741308980696,3.2984692568001854,8.0,8
2020,10.1,158.875,82.375,1.5309310892394863,27.52896788783677,4.173088231239655,3.4411209859795964,8.0,8
2040,10.200000000000001,158.88888888888889,82.11111111111111,1.6254154264808662,31.328445282970765,4.3726493181123045,3.4809383647745293,9.0,9
2060,10.3,158.875,81.875,1.571225636247067,29.53950654191885,4.461240934812937,3.6924383177398563,8.0,8
2080,10.4,158.875,81.875,1.571225636247067,30.33410071828239,4.560008643567058,3.7917625897852987,8.0,8
2100,10.5,30.75,21.25,1.3693063937629153,26.267796686301963,4.537228403926228,3.2834745857877454,8.0,8
2100,10.5,158.875,81.875,1.571225636247067,30.930957714276964,5.046198534913968,3.8663697142846205,8.0,8
2100,10.5,112.75,177.875,1.243734296383275,26.1888105370383,3.8048223612277883,3.2736013171297875,8.0,8
2120,10.6,158.45454545454547,81.81818181818181,1.6614242620451876,40.46615235633268,5.106675921733845,3.6787411233029705,11.0,11
2120,10.6,112.75,178.125,1.243734296383275,26.82627824656662,3.9592093695053916,3.3532847808208275,8.0,8
2140,10.700000000000001,91.4,58.0,1.9078784028338915,31.717789196244937,3.96097246402318,3.1717789196244937,10.0,10
2140,10.700000000000001,158.45454545454547,81.81818181818181,1.6614242620451876,40.97181361887536,4.56058674477353,3.724710328988669,11.0,11
2140,10.700000000000001,1.0,179.25,1.1989578808281798,32.82753158421136,5.484246297875203,4.10344144802642,8.0,8
2160,10.8,184.625,28.625,1.571225636247067,28.672817822297425,4.499842305750585,3.584102227787178,8.0,8
2160,10.8,91.44444444444444,58.22222222222222,1.8790593916986402,30.335675089357114,3.9632708832318344,3.3706305654841238,9.0,9
2160,10.8,41.75,66.625,1.4737282653189494,27.759847865401408,3.8708217446776696,3.469980983175176,8.0,8
2160,10.8,158.3,81.9,1.6431676725154984,38.11520542675653,4.621598954010203,3.811520542675653,10.0,10
2160,10.8,1.0,179.25,1.1989578808281798,34.28392265177796,5.470272956822836,4.285490331472245,8.0,8
2180,10.9,31.25,21.0,1.299038105676658,33.341863583179304,5.245241591658844,4.167732947897413,8.0,8
2180,10.9,184.77777777777777,28.666666666666668,1.547598697464902,34.38698004443397,4.771574393826118,3.820775560492663,9.0,9
2180,10.9,91.66666666666667,57.77777777777778,1.8121673811444545,31.742983407736535,4.06994149303079,3.5269981564151704,9.0,9
2180,10.9,41.888888888888886,66.44444444444444,1.531560972454469,33.110392801100346,4.436618592218125,3.678932533455594,9.0,9
2180,10.9,158.5625,81.9375,1.7831678272108882,56.10671887699745,4.71304930356538,3.5066699298123405,16.0,16
2180,10.9,129.875,140.625,1.2624381172952597,32.35999492471127,5.088497078701418,4.044999365588909,8.0,8
2180,10.9,10.375,173.75,1.192424001771182,29.552948542554418,4.349303653098136,3.6941185678193023,8.0,8
2180,10.9,1.0,179.25,1.1989578808281798,34.44858307862911,5.418419057714462,4.306072884828639,8.0,8
2200,11.0,31.636363636363637,21.363636363636363,1.6812038189915388,44.92663100337753,5.250800794008383,4.08423918212523,11.0,11
2200,11.0,184.77777777777777,28.666666666666668,1.547598697464902,36.71368725428301,5.094295147806959,4.079298583809223,9.0,9
2200,11.0,15.75,44.625,1.4737282653189494,29.911380921188492,4.7145238467697075,3.7389226151485615,8.0,8
2200,11.0,92.0,57.916666666666664,2.0190069065976197,42.543193922497146,4.23638804308334,3.5452661602080955,12.0,12
2200,11.0,182.0,59.0,1.7638342073763937,30.94037891479365,3.919211675441075,3.4378198794215167,9.0,9
2200,11.0,41.81818181818182,66.27272727272727,1.471492186930786,41.57135010756594,5.027000825970114,3.779213646142358,11.0,11
2200,11.0,158.41176470588235,82.0,1.848968664176672,59.56931924385092,4.533882038036479,3.504077602579466,17.0,17
2200,11.0,129.875,140.625,1.2624381172952597,32.51453931608298,5.0705960830363805,4.064317414510373,8.0,8
2200,11.0,10.222222222222221,173.88888888888889,1.2668615834434866,32.60528342999591,4.311795291419834,3.622809269999545,9.0,9
2200,11.0,18.428571428571427,188.92857142857142,2.1771072363040243,46.131519813657114,4.0757199699844175,3.2951085581183652,14.0,14
2220,11.1,31.636363636363637,21.363636363636363,1.6812038189915388,47.83670063590389,6.353956598244451,4.348790966900354,11.0,11
2220,11.1,184.8,28.9,1.6278820596099706,40.71645580127735,5.297612903045727,4.0716455801277345,10.0,10
2220,11.1,92.0,58.0,1.9611613513818404,47.23679108723181,4.265315664028126,3.6335993144024465,13.0,13
2220,11.1,182.0,59.0,1.7638342073763937,31.906687740675498,4.202787817602737,3.545187526741722,9.0,9
2220,11.1,41.54545454545455,66.36363636363636,1.4545454545454546,44.322288931658036,5.174730223326585,4.029298993787094,11.0,11
2220,11.1,158.26666666666668,82.0,1.7688665548562132,54.15596542290824,4.56716611918472,3.6103976948605494,15.0,15
2220,11.1,129.875,140.625,1.2624381172952597,32.22319578379838,5.204562267800291,4.027899472974798,8.0,8
2220,11.1,10.4,173.9,1.3152946437965904,35.99515795187997,4.30066077043016,3.5995157951879966,10.0,10
2220,11.1,112.0,178.22222222222223,1.5475986974649023,35.881836210738776,5.530186998431486,3.9868706900820863,9.0,9
2220,11.1,18.23076923076923,188.84615384615384,2.1122354181147664,44.887920538865956,4.181227589360097,3.4529169645281503,13.0,13
2240,11.200000000000001,31.636363636363637,21.363636363636363,1.6812038189915388,49.55633259916295,6.695527926702539,4.50512114537845,11.0,11
2240,11.200000000000001,184.58333333333334,29.0,1.6051133570215186,47.41523516528532,5.406459535229695,3.95126959710711,12.0,12
2240,11.200000000000001,16.125,44.75,1.243734296383275,28.414846450493535,4.461440125457742,3.551855806311692,8.0,8
2240,11.200000000000001,92.0,57.92307692307692,1.9399261866028448,48.78443255273812,4.998304408275159,3.752648657902932,13.0,13
2240,11.200000000000001,182.33333333333334,58.833333333333336,1.8782379449307742,41.12378762872419,4.101190513453011,3.4269823023936823,12.0,12
2240,11.200000000000001,41.54545454545455,66.36363636363636,1.4545454545454546,46.634684717709106,5.072398260686253,4.23951679251901,11.0,11
2240,11.200000000000001,158.8181818181818,82.27272727272727,1.7533910474532646,42.08267251027575,4.754197484192375,3.825697500934159,11.0,11
2240,11.200000000000001,112.125,88.625,1.4469796128487782,26.46492100555335,3.8337006176599013,3.3081151256941688,8.0,8
2240,11.200000000000001,155.0,103.5,1.6583123951777,26.42382090843977,3.770402929323349,3.302977613554971,8.0,8
2240,11.200000000000001,10.363636363636363,173.72727272727272,1.3726971700492272,39.434517044757996,4.410613904052668,3.5849560949779997,11.0,11
2240,11.200000000000001,55.5,175.5,1.2247448713915892,27.919396001261966,3.8587322032416935,3.4899245001577457,8.0,8
2240,11.200000000000001,112.18181818181819,178.0909090909091,1.5534552264213692,41.862123863958175,5.21444744943512,3.805647623996198,11.0,11
2240,11.200000000000001,18.071428571428573,188.71428571428572,2.167712986499074,49.34358598021265,4.13720017368012,3.524541855729475,14.0,14
2260,11.3,31.636363636363637,21.454545454545453,1.6313053131751236,52.66599140216896,6.4280879196887515,4.787817400197178,11.0,11
2260,11.3,184.84615384615384,28.923076923076923,1.6317848796612635,51.96081556189427,5.087623604936001,3.9969858124534055,13.0,13
2260,11.3,16.375,44.75,1.192424001771182,27.91666800594597,4.13291554271812,3.489583500743246,8.0,8
2260,11.3,92.0,57.733333333333334,1.9136933459209766,56.856440016755535,6.054679071101852,3.790429334450369,15.0,15
2260,11.3,182.42857142857142,58.857142857142854,1.795686441425219,47.12786498397139,4.00350977336817,3.366276070283671,14.0,14
2260,11.3,41.54545454545455,66.36363636363636,1.4545454545454546,47.8877742600013,4.965766416363871,4.353434023636482,11.0,11
2260,11.3,158.6153846153846,82.23076923076923,1.7405705383053476,48.079282351494165,4.83986132342499,3.69840633473032,13.0,13
2260,11.3,112.125,88.625,1.4469796128487782,26.005363858579756,3.8127647995151,3.2506704823224695,8.0,8
2260,11.3,42.55555555555556,136.33333333333334,1.7708197167232473,28.790938417572075,3.758734175945784,3.198993157508008,9.0,9
2260,11.3,100.75,141.625,1.4737282653189494,29.0989561903479,4.542883193475379,3.6373695237934873,8.0,8
2260,11.3,10.3,173.6,1.3601470508735443,37.337993634253245,4.737766771156105,3.7337993634253244,10.0,10
2260,11.3,55.5,175.5,1.2247448713915892,28.61647575989818,4.12315783545464,3.5770594699872724,8.0,8
2260,11.3,112.23076923076923,178.46153846153845,1.6992863103365017,47.81767133539167,5.018414180514023,3.6782824104147442,13.0,13
2260,11.3,16.88888888888889,188.88888888888889,1.692394023525313,33.4277790173464,4.233809994125418,3.7141976685940445,9.0,9
2280,11.4,31.454545454545453,21.545454545454547,1.5798315633620696,56.29091239828252,6.174566102140042,5.117355672571138,11.0,11
2280,11.4,184.92857142857142,28.857142857142858,1.6178216647008747,57.22095042630505,5.033617364602779,4.087210744736075,14.0,14
2280,11.4,16.375,44.75,1.192424001771182,28.310273664793332,3.8574575391143453,3.5387842080991665,8.0,8
2280,11.4,91.91666666666667,57.666666666666664,1.5701203067847311,50.76454035329772,6.369385218075685,4.23037836277481,12.0,12
2280,11.4,182.46153846153845,58.84615384615385,1.7742403991801228,44.81138933174951,4.597047620763509,3.447029948596116,13.0,13
2280,11.4,124.375,62.25,1.4737282653189494,28.859222054794255,4.72547924786425,3.607402756849282,8.0,8
2280,11.4,41.705882352941174,65.29411764705883,2.1012436587637353,68.85720501271666,5.488838442833756,4.050423824277451,17.0,17
2280,11.4,158.5,82.08333333333333,1.6811867501526678,45.94577090304735,4.698372716427204,3.8288142419206124,12.0,12
2280,11.4,112.0,88.88888888888889,1.523478800089121,28.376639016398297,3.7766892816223425,3.152959890710922,9.0,9
2280,11.4,154.875,104.125,1.571225636247067,27.273378164166715,4.092313111540388,3.4091722705208394,8.0,8
2280,11.4,42.4,136.1,1.8788294228055935,32.79372664026782,3.701744950808263,3.279372664026782,10.0,10
2280,11.4,100.5,141.625,1.4086784586980805,29.741103100468408,4.305926378497029,3.717637887558551,8.0,8
2280,11.4,44.09090909090909,170.63636363636363,2.2044283005422076,35.697009215643874,3.5775207476823625,3.245182655967625,11.0,11
2280,11.4,10.3,173.6,1.3601470508735443,38.12558371559163,4.6918383098386816,3.812558371559163,10.0,10
2280,11.4,55.666666666666664,175.33333333333334,1.3333333333333333,32.05950972168773,4.147110792705687,3.5621677468541924,9.0,9
2280,11.4,112.63636363636364,178.45454545454547,1.5157574545939152,41.892531036538095,4.955867785929619,3.808411912412554,11.0,11
2280,11.4,190.375,179.25,1.192424001771182,38.81245950416173,6.896686863116296,4.851557438020216,8.0,8
2280,11.4,17.866666666666667,188.53333333333333,2.3016902002176094,55.74327542456429,4.647708201207866,3.7162183616376194,15.0,15
2300,11.5,31.384615384615383,21.615384615384617,1.7131582654861606,62.88368123492482,5.933762793025471,4.837206248840371,13.0,13
2300,11.5,184.92857142857142,28.857142857142858,1.6178216647008747,59.305698558316195,5.265689711029576,4.236121325594014,14.0,14
2300,11.5,16.333333333333332,44.888888888888886,1.1967032904743342,31.960343641863382,3.995865429471301,3.5511492935403757,9.0,9
2300,11.5,91.38461538461539,58.46153846153846,2.258448962446646,57.20776194612521,6.372785244049956,4.400597072778862,13.0,13
2300,11.5,181.6,58.7,1.3601470508735443,36.22505384830805,4.678125194666406,3.622505384830805,10.0,10
2300,11.5,124.375,62.25,1.4737282653189494,30.079750373149217,4.429152518530487,3.759968796643652,8.0,8
2300,11.5,41.75,65.5,1.984313483298443,66.60883160025914,6.207034712865455,4.163051975016196,16.0,16
2300,11.5,158.7,81.6,1.284523257866513,39.92090685690932,5.270704228830207,3.9920906856909317,10.0,10
2300,11.5,111.75,88.875,1.4306903927824497,25.466363059294885,3.6995568389267324,3.1832953824118606,8.0,8
2300,11.5,144.75,97.25,1.1726039399558574,27.103941999157335,4.1671902927698135,3.387992749894667,8.0,8
2300,11.5,154.75,103.5,1.6393596310755,28.00185247460805,4.146426875690093,3.5002315593260063,8.0,8
2300,11.5,42.4,136.1,1.8788294228055935,33.92296498331377,3.8066595872683475,3.392296498331377,10.0,10
2300,11.5,129.5,140.75,1.3919410907075054,28.952022123326074,4.337912627856053,3.6190027654157593,8.0,8
2300,11.5,44.09090909090909,170.8181818181818,2.2268088570756164,37.837479059680206,3.949377819372845,3.4397708236072915,11.0,11
2300,11.5,10.222222222222221,173.77777777777777,1.2957670877434,35.76099735938757,4.564355141847215,3.973444151043063,9.0,9
2300,11.5,55.666666666666664,175.33333333333334,1.3333333333333333,32.733515998203785,4.190789143988554,3.637057333133754,9.0,9
2300,11.5,112.36363636363636,178.36363636363637,1.5102952478032863,41.386712168727286,5.3937535108068815,3.762428378975208,11.0,11
2300,11.5,190.375,179.25,1.192424001771182,36.87059100646306,5.907395350388951,4.608823875807882,8.0,8
2300,11.5,17.833333333333332,188.44444444444446,2.1723571995574615,66.49285575403427,4.939427659827445,3.6940475418907925,18.0,18
2320,11.6,31.5,21.5,1.7525491637693282,64.1104022017271,6.151005273466045,4.579314442980507,14.0,14
2320,11.6,184.92857142857142,28.857142857142858,1.6178216647008747,60.27943897430416,5.119721500683674,4.305674212450297,14.0,14
2320,11.6,33.5,31.625,1.4086784586980805,28.386686499205794,4.335730801904528,3.5483358124007243,8.0,8
2320,11.6,16.9,44.8,1.7464249196572978,36.67682461001654,4.423077116186833,3.667682461001654,10.0,10
2320,11.6,58.375,45.5,1.3169567191065923,31.151399630108944,5.1952959206674105,3.893924953763618,8.0,8
2320,11.6,91.0,59.26315789473684,2.9707717456147544,75.51707510122648,6.545033923186243,3.9745829000645516,19.0,19
2320,11.6,181.6,58.7,1.3601470508735443,38.40232295896866,5.199654367516615,3.840232295896866,10.0,10
2320,11.6,124.875,62.125,1.571225636247067,30.660714667174062,4.349538188052972,3.832589333396758,8.0,8
2320,11.6,41.833333333333336,65.27777777777777,2.0015426149613136,72.85183562880076,6.033671647948357,4.047324201600042,18.0,18
2320,11.6,158.91666666666666,82.0,1.6051133570215186,45.804815601420316,5.578020947068202,3.8170679667850265,12.0,12
2320,11.6,111.75,88.875,1.4306903927824497,25.33104995659897,3.516946039952003,3.1663812445748714,8.0,8
2320,11.6,155.0,103.55555555555556,1.7069212773041351,32.01901183337635,4.16911717645073,3.5576679814862606,9.0,9
2320,11.6,77.21428571428571,114.64285714285714,2.4432330537838673,50.06343618595969,4.236518400296582,3.575959727568549,14.0,14
2320,11.6,42.4,136.1,1.8788294228055935,34.89708598119944,3.887837035578666,3.489708598119944,10.0,10
2320,11.6,129.2,138.2,2.6178871888095814,55.11648398937234,4.290773637604427,3.674432265958156,15.0,15
2320,11.6,43.90909090909091,170.72727272727272,1.9792310051888402,40.499446081851715,4.436746449071073,3.681767825622883,11.0,11
2320,11.6,9.076923076923077,173.69230769230768,1.6569737868106167,48.96151562675478,5.001254431019094,3.766270432827291,13.0,13
2320,11.6,55.888888888888886,175.11111111111111,1.2372809695177827,33.227215804999254,4.15943271891552,3.6919128672221393,9.0,9
2320,11.6,112.08333333333333,178.83333333333334,1.5433549314543444,44.722959380353565,5.390506389081325,3.7269132816961306,12.0,12
2320,11.6,190.375,179.25,1.192424001771182,34.61560267404073,5.415953280308662,4.326950334255091,8.0,8
2320,11.6,17.833333333333332,188.44444444444446,2.1723571995574615,67.71728382955446,4.90571659041311,3.7620713238641366,18.0,18
2340,11.700000000000001,155.125,19.5,1.165922381636102,32.19141103650122,4.939311287211186,4.023926379562653,8.0,8
2340,11.700000000000001,31.5,21.5,1.7525491637693282,63.371099356883455,6.107334932172999,4.5265070969202466,14.0,14
2340,11.700000000000001,184.92857142857142,28.857142857142858,1.6178216647008747,59.98208561426576,5.063366484359851,4.2844346867332685,14.0,14
2340,11.700000000000001,33.5,31.625,1.4086784586980805,29.74451363068721,4.785629247633316,3.718064203835901,8.0,8
2340,11.700000000000001,16.9,44.8,1.7464249196572978,37.514094090961834,4.658113955772071,3.7514094090961834,10.0,10
2340,11.700000000000001,91.3157894736842,58.94736842105263,2.856687735813034,76.24152969856017,5.944736108127787,4.012712089397904,19.0,19
2340,11.700000000000001,182.08333333333334,58.75,1.6624947786050004,46.88588317992838,5.633845433817804,3.907156931660698,12.0,12
2340,11.700000000000001,124.875,62.125,1.571225636247067,30.0762295560399,4.576266629424379,3.7595286945049873,8.0,8
2340,11.700000000000001,41.76470588235294,65.29411764705883,2.122543359137496,72.09038227479863,6.7385501298842945,4.240610722046978,17.0,17
2340,11.700000000000001,158.73333333333332,81.6,1.7613126418163876,53.75341615548375,4.419486069325242,3.58356107703225,15.0,15
2340,11.700000000000001,77.07692307692308,114.46153846153847,2.388334568655388,48.06093992063318,4.3574195885155484,3.6969953785102447,13.0,13
2340,11.700000000000001,43.333333333333336,125.88888888888889,1.7284832429004495,34.81581460511603,4.7497787816809725,3.8684238450128925,9.0,9
2340,11.700000000000001,42.54545454545455,136.0,1.8763424945954814,38.78359159094869,3.9750851774970712,3.525781053722608,11.0,11
2340,11.700000000000001,129.2,138.46666666666667,2.5051058970741247,57.06110873890531,4.522980070997775,3.8040739159270207,15.0,15
2340,11.700000000000001,127.625,152.125,1.6863421954040052,29.679392184096184,4.615613335282869,3.709924023012023,8.0,8
2340,11.700000000000001,50.166666666666664,157.66666666666666,2.0069324297987157,39.82878597429919,4.04480126639299,3.3190654978582654,12.0,12
2340,11.700000000000001,43.90909090909091,170.72727272727272,1.9792310051888402,43.42637631709288,4.972102119473754,3.9478523924629894,11.0,11
2340,11.700000000000001,9.076923076923077,173.69230769230768,1.6569737868106167,50.164421708884994,5.42707700043418,3.8588016699142305,13.0,13
2340,11.700000000000001,55.7,175.3,1.4212670403551895,36.927204743644495,4.48421498465095,3.6927204743644495,10.0,10
2340,11.700000000000001,112.08333333333333,178.83333333333334,1.5433549314543444,44.92568911643829,4.836461383838958,3.7438074263698575,12.0,12
2340,11.700000000000001,190.375,179.25,1.192424001771182,32.18969339222681,5.085299088994543,4.023711674028351,8.0,8
2340,11.700000000000001,133.875,184.75,1.4306903927824497,28.952758577265158,4.238424419851368,3.6190948221581447,8.0,8
2340,11.700000000000001,17.736842105263158,188.47368421052633,2.1572527928336,70.65431476462285,6.12761211000451,3.718648145506466,19.0,19
2360,11.8,155.125,19.5,1.165922381636102,32.539665078320624,4.701467966389908,4.067458134790078,8.0,8
2360,11.8,31.333333333333332,21.466666666666665,1.8086213288334048,66.30029739277904,5.514804001032223,4.4200198261852695,15.0,15
2360,11.8,184.8,28.733333333333334,1.6996731711975952,61.66588463492713,5.407559985862301,4.111058975661809,15.0,15
2360,11.8,33.5,31.625,1.4086784586980805,30.72514847816692,4.942678499403084,3.840643559770865,8.0,8
2360,11.8,16.9,44.8,1.7464249196572978,37.588444819997015,4.7561346008414995,3.7588444819997013,10.0,10
2360,11.8,58.1,45.6,1.3892443989449803,40.291835193541495,5.145477193801261,4.02918351935415,10.0,10
2360,11.8,91.45,58.85,2.945335295004628,79.7538839517437,6.072212393921896,3.987694197587185,20.0,20
2360,11.8,182.23076923076923,58.84615384615385,1.7097008285302207,51.27246836808714,5.607783676695446,3.9440360283143954,13.0,13
2360,11.8,125.0,61.9,1.6401219466856727,34.61262848382938,4.16613110634846,3.461262848382938,10.0,10
2360,11.8,41.625,65.625,1.9605483926697653,70.39094067050135,6.942595452442211,4.399433791906334,16.0,16
2360,11.8,158.9090909090909,81.45454545454545,1.5850541612875173,42.29436138321167,5.304269881776658,3.8449419439283337,11.0,11
2360,11.8,27.625,96.25,1.192424001771182,27.86788456519445,4.605857899192107,3.4834855706493064,8.0,8
2360,11.8,144.875,97.875,1.103970108290981,29.853544064878825,4.677431787570243,3.731693008109853,8.0,8
2360,11.8,154.375,102.875,1.2624381172952597,31.534592940309203,4.475984824579023,3.9418241175386504,8.0,8
2360,11.8,77.0,114.36363636363636,2.307014098263549,42.75419164586953,4.811446044623742,3.8867446950790483,11.0,11
2360,11.8,189.25,114.125,1.243734296383275,30.513273737333257,4.702938076350269,3.814159217166657,8.0,8
2360,11.8,43.625,126.0,1.5761900266148114,33.983698068558525,4.8974455397567125,4.247962258569816,8.0,8
2360,11.8,158.125,134.125,1.103970108290981,33.561489353801484,5.568138128802076,4.1951861692251855,8.0,8
2360,11.8,42.54545454545455,136.0,1.8763424945954814,39.41807282463318,4.000929210101315,3.5834611658757436,11.0,11
2360,11.8,129.2,138.46666666666667,2.5051058970741247,58.06142692482015,4.994473658435679,3.87076179498801,15.0,15
2360,11.8,50.7,158.6,1.6881943016134133,33.63739995216202,4.067822187271536,3.363739995216202,10.0,10
2360,11.8,43.9,170.8,2.0615528128088303,42.66153731437534,5.687860621941132,4.266153731437534,10.0,10
2360,11.8,9.066666666666666,173.6,1.9413626371414714,56.991742732004376,4.988874227499609,3.7994495154669585,15.0,15
2360,11.8,55.55555555555556,175.22222222222223,1.405456737852613,34.924853925901125,4.820047233513417,3.8805393251001252,9.0,9
2360,11.8,112.27272727272727,179.27272727272728,1.6057747029686993,41.72223963579096,5.542610107194759,3.7929308759809968,11.0,11
2360,11.8,142.5,179.25,1.2990381056766578,29.2882209001026,5.462665865589975,3.661027612512825,8.0,8
2360,11.8,133.875,184.75,1.4306903927824497,29.07532332708886,4.332191388545395,3.6344154158861075,8.0,8
2360,11.8,18.333333333333332,187.91666666666666,2.1131203888509944,47.9616757870856,5.770874309349509,3.996806315590467,12.0,12
2380,11.9,155.0,19.666666666666668,1.247219128924647,35.614368467080695,4.700508676094631,3.957152051897855,9.0,9
2380,11.9,31.41176470588235,21.764705882352942,1.9277611303734048,72.08790707084515,5.5774067695433835,4.24046512181442,17.0,17
2380,11.9,184.92307692307693,28.846153846153847,1.6782634022516483,54.26820386793388,5.760842795470321,4.1744772206102985,13.0,13
2380,11.9,16.75,45.0,1.3919410907075054,31.67699845380823,5.1715047812214285,3.959624806726029,8.0,8
2380,11.9,58.1,45.6,1.3892443989449803,40.90446632637663,4.966434990281378,4.090446632637663,10.0,10
2380,11.9,93.0,57.142857142857146,1.8070158058105026,62.00722200224257,6.5713538198539325,4.429087285874469,14.0,14
2380,11.9,182.23076923076923,58.84615384615385,1.7097008285302207,51.594418982466955,5.05422714589243,3.968801460189766,13.0,13
2380,11.9,124.85714285714286,61.642857142857146,1.8308579454251854,47.02154690886119,4.4262584603838215,3.3586819220615136,14.0,14
2380,11.9,41.53846153846154,65.38461538461539,1.6245163139956058,61.25225037745575,7.23853946275439,4.711711567496597,13.0,13
2380,11.9,158.8181818181818,81.18181818181819,1.8407687937560535,42.582856251619425,5.6370242745223695,3.8711687501472203,11.0,11
2380,11.9,144.875,97.875,1.103970108290981,31.56048100814191,4.74172401066684,3.9450601260177387,8.0,8
2380,11.9,154.0,103.125,1.2686114456365274,33.379356924958834,4.718701109562988,4.172419615619854,8.0,8
2380,11.9,76.61538461538461,114.46153846153847,2.325571762743227,48.20074957786101,4.96027212947037,3.70774996752777,13.0,13
2380,11.9,189.25,114.125,1.243734296383275,31.131617170831618,5.136879960025944,3.891452146353952,8.0,8
2380,11.9,158.0,134.1818181818182,1.4024771473219555,44.85335670063068,5.253173933332339,4.077577881875516,11.0,11
2380,11.9,42.4,136.1,1.8788294228055935,36.83492129487776,4.468440318735005,3.683492129487776,10.0,10
2380,11.9,129.11111111111111,138.44444444444446,2.6270200927859753,66.57554147557327,5.00923061886803,3.698641193087404,18.0,18
2380,11.9,150.55555555555554,168.44444444444446,1.7777777777777777,30.936996048394153,4.167201472796662,3.4374440053771282,9.0,9
2380,11.9,43.81818181818182,171.0,2.081004207683563,45.698056259879934,6.199923979522026,4.1543687508981755,11.0,11
2380,11.9,10.11111111111111,173.66666666666666,1.3698697784375502,36.909728452698594,5.191376466741532,4.101080939188733,9.0,9
2380,11.9,55.6,175.0,1.4966629547095764,38.39243986618144,4.895350089087481,3.8392439866181443,10.0,10
2380,11.9,112.27272727272727,178.72727272727272,1.6614242620451876,43.868391741847155,5.209377717689094,3.988035612895196,11.0,11
2380,11.9,142.5,179.125,1.3635890143294642,30.783632694086485,6.009985081169472,3.8479540867608106,8.0,8
2380,11.9,18.583333333333332,188.41666666666666,2.0378365434395804,47.59667721097679,6.130446068221116,3.9663897675813993,12.0,12
2400,12.0,155.0,19.666666666666668,1.247219128924647,35.331611651566426,4.624697802119397,3.925734627951825,9.0,9
2400,12.0,31.5,21.875,1.899835519196333,68.16816027118335,5.552745637778799,4.26051001694896,16.0,16
2400,12.0,185.08333333333334,29.0,1.552328000849763,50.035620438903344,5.094374768835426,4.169635036575278,12.0,12
2400,12.0,58.1,45.6,1.3892443989449803,40.725091624258205,5.2083840589165815,4.0725091624258205,10.0,10
2400,12.0,93.06666666666666,57.266666666666666,1.8233059108236456,64.45866664808847,5.974924352991104,4.297244443205898,15.0,15
2400,12.0,182.3,59.1,1.378404875209022,42.39020938258166,5.084914690502452,4.239020938258166,10.0,10
2400,12.0,124.91666666666667,61.333333333333336,1.9913005242247535,44.266580504530296,5.268790186040777,3.688881708710858,12.0,12
2400,12.0,41.42857142857143,65.64285714285714,1.661386192801858,62.11512885560492,6.6300791737416045,4.436794918257495,14.0,14
2400,12.0,158.33333333333334,82.5,2.034425935955617,46.3334132600923,5.231211297396331,3.8611177716743583,12.0,12
2400,12.0,144.875,97.875,1.103970108290981,32.84490568462279,4.781388606487959,4.1056132105778484,8.0,8
2400,12.0,76.75,114.375,2.1028254801575903,58.06185119262893,4.450900343495199,3.628865699539308,16.0,16
2400,12.0,189.25,114.125,1.243734296383275,31.133815686052785,4.742437868806586,3.891726960756598,8.0,8
2400,12.0,42.75,125.375,1.3863170633011772,34.87848495979767,5.649911693518602,4.359810619974708,8.0,8
2400,12.0,158.0909090909091,134.45454545454547,1.4024771473219555,48.03437865591944,6.256185613803184,4.366761695992676,11.0,11
2400,12.0,42.4,136.1,1.8788294228055935,37.281854839197045,4.82141048545854,3.7281854839197046,10.0,10
2400,12.0,129.13333333333333,138.13333333333333,2.575094388777062,58.66963583776293,5.374858217072904,3.9113090558508623,15.0,15
2400,12.0,43.81818181818182,170.9090909090909,2.2268088570756164,43.275889364577594,5.427041332935994,3.934171760416145,11.0,11
2400,12.0,10.125,173.5,1.3635890143294642,34.39165331155799,6.165877154833476,4.2989566639447485,8.0,8
2400,12.0,56.0,174.75,1.1989578808281798,32.90578484074058,4.839380357928899,4.1132231050925725,8.0,8
2400,12.0,112.27272727272727,178.72727272727272,1.6614242620451876,45.534951243409694,5.3875376296414,4.139541022128154,11.0,11
2400,12.0,18.571428571428573,188.35714285714286,1.9756166694199044,53.66285879007742,4.972107163878479,3.8330613421483872,14.0,14
2420,12.1,31.5,21.5,2.0949675149960894,73.08736639830455,5.329549587226892,4.060409244350253,18.0,18
2420,12.1,154.875,19.875,1.103970108290981,31.672487408550833,4.614512535858717,3.959060926068854,8.0,8
2420,12.1,185.0,28.818181818181817,1.4658650451451907,45.014528415131316,5.179049935024675,4.092229855921029,11.0,11
2420,12.1,58.27272727272727,45.54545454545455,1.4431370787625037,42.99471671027806,4.770245929279411,3.908610610025278,11.0,11
2420,12.1,93.0,57.1875,1.8103435447450298,65.33367732100623,5.06915732502238,4.08335483256289,16.0,16
2420,12.1,182.33333333333334,59.22222222222222,1.3966450099973928,38.91088165907992,5.657949730876932,4.323431295453324,9.0,9
2420,12.1,124.92857142857143,61.285714285714285,1.9232731454051801,52.14483459733864,5.005084431750531,3.7246310426670455,14.0,14
2420,12.1,41.625,65.5,1.6909686573085854,68.28772381188922,5.203174007585312,4.267982738243076,16.0,16
2420,12.1,143.375,74.375,1.7230060940112777,31.248012584849636,4.540100778226866,3.9060015731062045,8.0,8
2420,12.1,159.44444444444446,80.55555555555556,1.8986674989594514,36.711945967769026,5.50623522717622,4.079105107529892,9.0,9
2420,12.1,144.875,97.875,1.103970108290981,33.751341274222476,5.093259841611294,4.2189176592778095,8.0,8
2420,12.1,77.0,114.93333333333334,2.5420901286583493,57.39612644836707,5.160661042215357,3.826408429891138,15.0,15
2420,12.1,189.25,114.125,1.243734296383275,30.634008088560755,4.658199586936151,3.8292510110700944,8.0,8
2420,12.1,43.1,125.8,1.6881943016134133,41.8758160544706,5.200509741198442,4.187581605447059,10.0,10
2420,12.1,149.375,126.25,1.3863170633011772,26.315490062365665,3.6686466983205186,3.289436257795708,8.0,8
2420,12.1,158.0909090909091,134.45454545454547,1.4024771473219555,50.610874341745244,6.251904311658266,4.600988576522295,11.0,11
2420,12.1,42.4,136.1,1.8788294228055935,37.46270657091629,4.658426950559018,3.746270657091629,10.0,10
2420,12.1,129.0,136.22222222222223,1.4740554623801778,34.92073886694079,5.469632265254717,3.8800820963267544,9.0,9
2420,12.1,170.55555555555554,136.22222222222223,1.6254154264808658,32.209225587322464,4.046027824992706,3.578802843035829,9.0,9
2420,12.1,156.88888888888889,157.77777777777777,1.507184440694504,34.21018498805329,5.026784203927356,3.8011316653392546,9.0,9
2420,12.1,10.125,173.5,1.3635890143294642,34.38301177241459,6.239657313631661,4.297876471551824,8.0,8
2420,12.1,56.111111111111114,174.88888888888889,1.2372809695177827,36.54916476233137,4.847547774022572,4.061018306925708,9.0,9
2420,12.1,112.0,178.5,1.4317821063276353,43.05447425898345,5.585979931666274,4.305447425898345,10.0,10
2420,12.1,143.0,179.55555555555554,1.4229164972072998,34.33152315177511,5.14395101395157,3.8146136835305677,9.0,9
2420,12.1,18.714285714285715,188.71428571428572,1.8844151368961315,54.957353629341384,5.805606339158413,3.9255252592386705,14.0,14
2440,12.200000000000001,31.58823529411765,21.705882352941178,2.081388942700486,70.7325920548836,5.888042037345742,4.1607407091108,17.0,17
2440,12.200000000000001,154.77777777777777,20.11111111111111,1.2668615834434866,34.23566897571218,4.2707133745776735,3.8039632195235757,9.0,9
2440,12.200000000000001,184.66666666666666,28.88888888888889,1.1967032904743342,36.91764329242191,4.867511958023006,4.101960365824656,9.0,9
2440,12.200000000000001,58.083333333333336,45.666666666666664,1.6729049916570609,45.225887446573395,4.720163684093468,3.768823953881116,12.0,12
2440,12.200000000000001,16.5,45.125,1.165922381636102,29.520228774623526,4.206736588611429,3.6900285968279407,8.0,8
2440,12.200000000000001,4.125,46.375,1.5309310892394863,30.732968602001215,4.7371892600775976,3.841621075250152,8.0,8
2440,12.200000000000001,92.84210526315789,57.526315789473685,2.068092916251421,72.47143938471964,5.786030537390431,3.814286283406297,19.0,19
2440,12.200000000000001,182.33333333333334,59.22222222222222,1.3966450099973928,37.08721360332992,5.464750293989536,4.120801511481102,9.0,9
2440,12.200000000000001,124.66666666666667,61.083333333333336,1.6223268611609822,47.6446074552035,4.901154054268845,3.9703839546002917,12.0,12
2440,12.200000000000001,41.69230769230769,65.46153846153847,1.61721508012528,58.882627504038915,6.216482388099967,4.52943288492607,13.0,13
2440,12.200000000000001,142.73333333333332,74.93333333333334,2.2191089302790985,54.96914629627767,4.331844276533206,3.6646097530851782,15.0,15
2440,12.200000000000001,159.44444444444446,80.55555555555556,1.8986674989594514,36.06747699795965,5.753527381837243,4.007497444217739,9.0,9
2440,12.200000000000001,27.5,96.25,1.299038105676658,29.753436607722865,4.170872036219642,3.719179575965358,8.0,8
2440,12.200000000000001,144.875,97.875,1.103970108290981,34.45305061650334,5.3047155258254906,4.3066313270629175,8.0,8
2440,12.200000000000001,77.0,114.93333333333334,2.5420901286583493,58.29464725347027,6.163591743660308,3.8863098168980184,15.0,15
2440,12.200000000000001,189.25,114.125,1.243734296383275,29.958542202173923,4.2964161857404735,3.7448177752717404,8.0,8
2440,12.200000000000001,43.09090909090909,125.9090909090909,1.64643366147953,44.45623014999713,4.85113834138395,4.041475468181558,11.0,11
2440,12.200000000000001,149.125,125.75,1.243734296383275,27.037859727865545,3.9210772767325355,3.379732465983193,8.0,8
2440,12.200000000000001,157.91666666666666,134.58333333333334,1.5229722402080887,54.618156160979524,7.020620448392897,4.551513013414961,12.0,12
2440,12.200000000000001,170.8181818181818,135.72727272727272,1.902586321496032,39.70619660055436,4.1916568592527454,3.6096542364140323,11.0,11
2440,12.200000000000001,42.5,135.5,1.5811388300841898,30.846466638855087,4.116512249248725,3.855808329856886,8.0,8
2440,12.200000000000001,128.77777777777777,135.88888888888889,1.579185600394655,34.51316233433624,4.7657247470069235,3.8347958149262493,9.0,9
2440,12.200000000000001,127.88888888888889,152.88888888888889,1.5555555555555554,32.199399268092,4.5694330934251495,3.5777110297880004,9.0,9
2440,12.200000000000001,50.0,158.41666666666666,2.2157893000513886,44.84589387235567,4.5976103100121195,3.7371578226963056,12.0,12
2440,12.200000000000001,44.69230769230769,170.30769230769232,2.4735284908943886,46.75762013013519,4.261316784523071,3.5967400100103992,13.0,13
2440,12.200000000000001,8.333333333333334,173.91666666666666,1.769730048466275,49.36134810709,5.780434301182877,4.1134456755908335,12.0,12
2440,12.200000000000001,56.0,175.58333333333334,1.6562172428626494,46.80494577021608,4.878519970192218,3.9004121475180065,12.0,12
2440,12.200000000000001,111.7,178.9,1.378404875209022,43.52054569655766,5.816809313313072,4.352054569655766,10.0,10
2440,12.200000000000001,143.125,179.75,1.340475661845451,30.71288762079803,5.015897295126736,3.8391109525997535,8.0,8
2440,12.200000000000001,18.428571428571427,188.71428571428572,1.9691498217271748,56.55037689543094,6.759646943736609,4.039312635387924,14.0,14
2460,12.3,189.66666666666666,17.083333333333332,1.9490025939210835,42.6827097538321,4.534400146459744,3.556892479486008,12.0,12
2460,12.3,31.705882352941178,21.41176470588235,2.244562826863402,69.69558158318203,5.822628644300527,4.0997400931283545,17.0,17
2460,12.3,154.875,20.0,1.2686114456365274,30.392887996688565,4.220923199189192,3.7991109995860706,8.0,8
2460,12.3,184.66666666666666,28.88888888888889,1.1967032904743342,35.97283165720981,4.7935571635628555,3.9969812952455346,9.0,9
2460,12.3,33.25,31.875,1.5155444566227676,30.684630275744098,4.793434801402504,3.8355787844680123,8.0,8
2460,12.3,43.0,35.5,1.3228756555322954,28.358007283005136,4.752564840172863,3.544750910375642,8.0,8
2460,12.3,57.8,45.2,1.8761663039293717,39.857502972623266,4.9851199127229044,3.9857502972623267,10.0,10
2460,12.3,140.0,42.875,1.2686114456365274,28.219914127559306,4.1545092569238795,3.5274892659449133,8.0,8
2460,12.3,16.333333333333332,45.333333333333336,1.3333333333333333,31.304437132931014,4.103327607971397,3.4782707925478906,9.0,9
2460,12.3,92.53333333333333,57.53333333333333,2.08912528213232,59.94390899394095,5.901302219069241,3.9962605995960634,15.0,15
2460,12.3,182.11111111111111,59.0,1.286204100310025,34.6833832742529,5.183040608063812,3.8537092526947663,9.0,9
2460,12.3,124.72727272727273,61.09090909090909,1.681203818991539,46.61403915276649,5.609025355081677,4.237639922978771,11.0,11
2460,12.3,41.733333333333334,65.66666666666667,1.866666666666667,65.2972105317761,6.364464390597768,4.3531473687850735,15.0,15
2460,12.3,131.9,71.2,1.6881943016134133,36.129694355342615,4.51808026268012,3.6129694355342616,10.0,10
2460,12.3,142.4,74.73333333333333,2.168460795638746,54.691843793147726,4.8100986878705765,3.6461229195431817,15.0,15
2460,12.3,159.16666666666666,80.91666666666667,1.9702650695894814,45.92295293643366,5.0048479586708545,3.826912744702805,12.0,12
2460,12.3,57.111111111111114,90.77777777777777,1.4315665251916807,32.77759202485858,4.477722261344584,3.641954669428731,9.0,9
2460,12.3,26.75,96.125,1.7455300054711176,30.846079665920904,4.47178930836719,3.855759958240113,8.0,8
2460,12.3,144.875,97.875,1.103970108290981,34.91426083378431,4.9489130979236124,4.364282604223039,8.0,8
2460,12.3,77.15384615384616,115.07692307692308,2.5812248823942334,51.602241330951216,5.367647513680823,3.9694031793039395,13.0,13
2460,12.3,189.33333333333334,114.0,1.2472191289246473,32.391205908345746,4.048031483624631,3.599022878705083,9.0,9
2460,12.3,43.0,125.63636363636364,1.431637795274875,44.70676641147532,5.124853807046303,4.064251491952302,11.0,11
2460,12.3,150.0909090909091,125.72727272727273,1.8362736251567413,38.790355332419956,3.8484562276188723,3.526395939310905,11.0,11
2460,12.3,157.76923076923077,134.53846153846155,1.5575735947166605,59.565479923196435,6.1585667432557045,4.581959994092033,13.0,13
2460,12.3,170.64285714285714,136.07142857142858,1.9298937265866136,49.207590380998994,4.17759870229072,3.514827884357071,14.0,14
2460,12.3,42.5,135.5,1.5811388300841898,29.914250327156875,3.9864562367885186,3.7392812908946094,8.0,8
2460,12.3,128.88888888888889,136.11111111111111,1.692394023525313,35.08240553126352,4.999704741883563,3.89804505902928,9.0,9
2460,12.3,127.3,152.4,1.746424919657298,34.9905614307198,4.273276986419936,3.49905614307198,10.0,10
2460,12.3,49.92307692307692,158.23076923076923,2.2400338120863132,48.585654807409966,5.279100870586488,3.737358062108459,13.0,13
2460,12.3,156.7,157.9,1.5811388300841898,39.13057196462565,5.125373636574671,3.913057196462565,10.0,10
2460,12.3,8.833333333333334,173.91666666666666,1.9275055843700628,49.6661699488875,5.881618500327316,4.138847495740625,12.0,12
2460,12.3,56.0,175.58333333333334,1.6562172428626494,47.72367707122561,4.803378292867616,3.976973089268801,12.0,12
2460,12.3,112.0909090909091,178.9090909090909,1.7007533576245188,47.718064707591104,6.389787876693744,4.338005882508282,11.0,11
2460,12.3,20.0,188.25,1.299038105676658,35.85022087760112,6.904863613006174,4.48127760970014,8.0,8
2460,12.3,161.125,189.875,1.103970108290981,29.358849150036832,4.197969917920064,3.669856143754604,8.0,8
2480,12.4,36.888888888888886,4.666666666666667,1.5234788000891208,30.709574969193376,3.837694548591998,3.4121749965770416,9.0,9
2480,12.4,189.46153846153845,17.076923076923077,2.0029563948140825,47.15319832843452,4.370223776452959,3.627169102187271,13.0,13
2480,12.4,74.375,17.125,1.6105123408406408,27.081878130681908,3.885144964886998,3.3852347663352385,8.0,8
2480,12.4,176.72727272727272,18.09090909090909,2.112536370658591,40.15886890242867,4.754055487272673,3.650806263857152,11.0,11
2480,12.4,31.8,21.4,2.1908902300206643,61.00487123783212,5.557814592860199,4.066991415855474,15.0,15
2480,12.4,154.875,20.0,1.2686114456365274,28.92570282807749,3.9134534274811372,3.6157128535096863,8.0,8
2480,12.4,185.3,29.1,1.5811388300841898,38.53969853837849,4.780244977893523,3.8539698538378486,10.0,10
2480,12.4,43.111111111111114,35.55555555555556,1.2957670877434,30.950160742521387,3.9534163587147484,3.438906749169043,9.0,9
2480,12.4,57.8,45.2,1.8761663039293717,40.967652874773826,5.118383050841546,4.096765287477383,10.0,10
2480,12.4,4.555555555555555,46.333333333333336,1.640535895581489,33.849111057205015,4.945683744358911,3.761012339689446,9.0,9
2480,12.4,92.83333333333333,57.25,1.630865482565077,47.900098409121426,5.36088979522274,3.9916748674267857,12.0,12
2480,12.4,31.75,60.0,1.479019945774904,26.835406487812453,3.790278747543119,3.3544258109765566,8.0,8
2480,12.4,124.6,61.2,1.61245154965971,45.163171251253345,5.828862769824506,4.516317125125335,10.0,10
2480,12.4,88.0,62.0,1.5,29.708987812345246,4.899681655179709,3.7136234765431557,8.0,8
2480,12.4,41.57142857142857,65.57142857142857,1.868099547231717,62.286702096256676,5.753854391629106,4.44905014973262,14.0,14
2480,12.4,131.55555555555554,71.0,1.8324913891634047,34.14923626734606,4.778555432673153,3.7943595852606737,9.0,9
2480,12.4,142.53333333333333,74.4,2.086996778999804,54.08019965560438,5.155722860965658,3.605346643706959,15.0,15
2480,12.4,157.69230769230768,81.92307692307692,2.2819072267986655,51.35970208335751,4.593301703459997,3.950746314104424,13.0,13
2480,12.4,102.25,87.375,1.2930100540985752,27.007550926397585,3.936060942822369,3.375943865799698,8.0,8
2480,12.4,57.111111111111114,90.77777777777777,1.4315665251916807,33.68229822945782,4.468327041244522,3.742477581050869,9.0,9
2480,12.4,144.875,97.875,1.103970108290981,34.79424772265165,5.385558193070304,4.349280965331456,8.0,8
2480,12.4,154.375,102.75,1.192424001771182,36.31598989653175,5.43954725666069,4.539498737066468,8.0,8
2480,12.4,189.44444444444446,113.66666666666667,1.4229164972072998,32.44413195002332,4.178220128308252,3.604903550002591,9.0,9
2480,12.4,77.21428571428571,115.35714285714286,2.5010202000016566,55.08471534187362,5.842109087523424,3.9346225244195443,14.0,14
2480,12.4,42.8,125.6,1.3416407864998736,42.23662486556135,6.279636944559904,4.223662486556135,10.0,10
2480,12.4,149.91666666666666,125.83333333333333,1.883775759242886,41.54798557167469,4.2946149495881265,3.4623321309728907,12.0,12
2480,12.4,157.58333333333334,134.5,1.4695993407123664,57.870674165201564,7.187101291689452,4.822556180433463,12.0,12
2480,12.4,170.6153846153846,135.92307692307693,1.9215378456610457,46.34094210449487,4.106131013788713,3.5646878541919134,13.0,13
2480,12.4,42.625,135.5,1.5761900266148114,28.58442886013729,4.022200169621304,3.5730536075171613,8.0,8
2480,12.4,128.88888888888889,136.33333333333334,1.5234788000891208,34.744010259166224,4.770913616188302,3.860445584351803,9.0,9
2480,12.4,127.33333333333333,152.44444444444446,1.4989708403591155,33.852132648150295,4.973008579344546,3.7613480720166996,9.0,9
2480,12.4,49.3125,158.1875,2.4984370114133356,57.986259666216014,4.605417759057739,3.624141229138501,16.0,16
2480,12.4,156.5,157.7,1.7492855684535902,39.52272381799948,4.868557853265623,3.952272381799948,10.0,10
2480,12.4,8.8,174.2,2.0132891827388666,58.337330807637706,5.24122068431297,3.889155387175847,15.0,15
2480,12.4,56.0,175.58333333333334,1.6562172428626494,47.71036760014769,4.829583543376346,3.975863966678974,12.0,12
2480,12.4,112.0909090909091,178.9090909090909,1.7007533576245188,47.645123257009814,6.107990158240116,4.331374841546347,11.0,11
2480,12.4,143.625,178.875,1.8957188610128877,32.007534283065624,5.121712417100933,4.000941785383203,8.0,8
2480,12.4,35.125,180.0,1.4523687548277813,30.516933984611125,4.812293191550352,3.8146167480763906,8.0,8
2480,12.4,18.357142857142858,188.14285714285714,2.086154552358605,59.84575873996853,6.5344655819879796,4.274697052854895,14.0,14
2480,12.4,161.125,189.875,1.103970108290981,30.142736465261503,4.3475641787563815,3.767842058157688,8.0,8
2500,12.5,189.41176470588235,15.705882352941176,2.7615751986601182,63.59167325264288,5.543005784854298,3.740686661920169,17.0,17
2500,12.5,176.5,18.3,1.9646882704388502,38.31308397087662,4.593222032219151,3.831308397087662,10.0,10
2500,12.5,31.785714285714285,21.0,1.9338551958115544,59.697375910863215,6.0672095770082946,4.2640982793473725,14.0,14
2500,12.5,43.1,35.8,1.4317821063276353,34.1369762078266,4.101579010944948,3.41369762078266,10.0,10
2500,12.5,57.72727272727273,45.36363636363637,1.8763424945954812,43.36754577993539,5.473595328409415,3.9425041618123084,11.0,11
2500,12.5,4.444444444444445,46.333333333333336,1.4229164972072998,35.301476338119144,5.498017596614822,3.922386259791016,9.0,9
2500,12.5,93.33333333333333,57.111111111111114,1.5234788000891208,38.50667606952924,5.741838430067394,4.2785195632810264,9.0,9
2500,12.5,123.53846153846153,61.61538461538461,2.485460680215925,55.82349164356973,5.879584174139272,4.294114741813056,13.0,13
2500,12.5,88.0,62.375,1.5761900266148114,31.372127140524775,4.4523443473860125,3.921515892565597,8.0,8
2500,12.5,41.583333333333336,65.33333333333333,1.6729049916570609,55.62359464708695,5.874306395170911,4.635299553923912,12.0,12
2500,12.5,132.11111111111111,70.88888888888889,2.0487876571761974,35.37326087472983,5.0171598336763745,3.9303623194144257,9.0,9
2500,12.5,157.8125,81.125,2.477240147825802,63.05511906678862,4.826813123394646,3.9409449416742888,16.0,16
2500,12.5,173.125,81.125,1.571225636247067,28.697150924641555,4.163224251662211,3.5871438655801944,8.0,8
2500,12.5,136.875,88.5,1.4523687548277813,29.982346970814167,4.800015961217413,3.747793371351771,8.0,8
2500,12.5,27.0,96.25,1.3919410907075054,30.433146783348274,4.167726326238272,3.8041433479185343,8.0,8
2500,12.5,128.11111111111111,97.77777777777777,1.2668615834434866,36.450505127380275,4.658736449343551,4.050056125264475,9.0,9
2500,12.5,144.66666666666666,98.11111111111111,1.3698697784375504,36.89258432543162,5.148994165761695,4.099176036159069,9.0,9
2500,12.5,154.375,102.75,1.192424001771182,36.90595498856657,5.627371663126057,4.613244373570821,8.0,8
2500,12.5,189.44444444444446,113.66666666666667,1.4229164972072998,32.84913994536451,4.16663281034655,3.649904438373835,9.0,9
2500,12.5,77.76470588235294,115.76470588235294,2.8913425241045903,65.45291379790373,6.882877162747075,3.85017139987669,17.0,17
2500,12.5,42.7,125.4,1.5652475842498528,43.396062373032784,5.84121656403809,4.339606237303278,10.0,10
2500,12.5,149.63636363636363,125.81818181818181,1.7627926754241197,38.35975856246977,4.457261614998884,3.487250778406343,11.0,11
2500,12.5,157.57142857142858,134.5,1.6675167899898216,64.12669943604094,6.553713003412152,4.580478531145781,14.0,14
2500,12.5,129.0,136.125,1.4523687548277813,30.789893401649085,4.612760591549255,3.8487366752061356,8.0,8
2500,12.5,170.44444444444446,136.55555555555554,1.4315665251916805,32.7342189922657,4.920877219973325,3.6371354435850782,9.0,9
2500,12.5,126.9,139.9,2.445403852127497,37.29813270096717,4.6107057876444815,3.7298132700967175,10.0,10
2500,12.5,156.63636363636363,157.36363636363637,1.569334227421097,42.50671112688206,5.133058400774544,3.8642464660801874,11.0,11
2500,12.5,43.375,171.125,1.6863421954040052,29.842896485062667,4.3863742456707,3.7303620606328334,8.0,8
2500,12.5,8.75,174.375,2.072890493972125,60.19724120047423,5.237173151447758,3.7623275750296394,16.0,16
2500,12.5,56.0,175.58333333333334,1.6562172428626494,46.58646772199611,4.778126947764932,3.8822056434996757,12.0,12
2500,12.5,83.3,176.6,1.5652475842498528,38.460287276596354,4.900361904035363,3.846028727659635,10.0,10
2500,12.5,144.0,178.45454545454547,1.827250112931071,41.26150797401959,5.1968038183350656,3.751046179456326,11.0,11
2500,12.5,112.0,179.75,1.3919410907075054,35.292904806680845,5.752050138758701,4.411613100835106,8.0,8
2500,12.5,35.0,180.0,1.4142135623730951,34.257003547096666,4.721135119726232,3.806333727455185,9.0,9
2500,12.5,132.36363636363637,185.8181818181818,1.9582417480489105,40.25237326971893,4.6478499744043,3.659306660883539,11.0,11
2500,12.5,18.1875,188.125,2.0338925119091225,66.99316916716263,5.7742831293508,4.187073072947665,16.0,16
2500,12.5,161.125,189.875,1.103970108290981,30.113325294707963,4.337830250882195,3.7641656618384953,8.0,8
