traj_id,charge,length,total_phase_rad,total_phase_cycles
2.000000000000000000e+00,-1.000000000000000000e+00,1.020000000000000000e+02,-2.024065277292067222e+01,-3.221399940217003266e+00
8.000000000000000000e+00,-1.000000000000000000e+00,1.010000000000000000e+02,-1.692497534471338128e+01,-2.693693487819589727e+00
1.100000000000000000e+01,1.000000000000000000e+00,1.030000000000000000e+02,-1.000729837561427082e+01,-1.592711003474506004e+00
1.600000000000000000e+01,-1.000000000000000000e+00,8.500000000000000000e+01,3.357400073797147222e+00,5.343468176819101689e-01
2.100000000000000000e+01,-1.000000000000000000e+00,1.110000000000000000e+02,9.542728274871926430e+00,1.518772375528661955e+00
2.800000000000000000e+01,1.000000000000000000e+00,1.170000000000000000e+02,-2.022414348569526155e+01,-3.218772405548155469e+00
3.000000000000000000e+01,1.000000000000000000e+00,8.400000000000000000e+01,-7.976702800205019983e+00,-1.269531680227592219e+00
3.400000000000000000e+01,-1.000000000000000000e+00,1.310000000000000000e+02,-1.685774285040127651e+01,-2.682993104013420727e+00
5.500000000000000000e+01,-1.000000000000000000e+00,9.100000000000000000e+01,-1.644129649904701651e+01,-2.616713608662806223e+00
7.900000000000000000e+01,1.000000000000000000e+00,8.800000000000000000e+01,-2.020787070817702613e+01,-3.216182512568293461e+00
8.400000000000000000e+01,-1.000000000000000000e+00,9.100000000000000000e+01,-1.248619214297284685e+01,-1.987239199949314195e+00
8.500000000000000000e+01,1.000000000000000000e+00,9.600000000000000000e+01,2.675603584738168728e+00,4.258355362654744347e-01
1.180000000000000000e+02,-1.000000000000000000e+00,1.470000000000000000e+02,-5.562501631735154994e+00,-8.852996306473835952e-01
1.190000000000000000e+02,-1.000000000000000000e+00,1.410000000000000000e+02,-1.368768828536119919e-01,-2.178463250116264086e-02
1.200000000000000000e+02,1.000000000000000000e+00,1.250000000000000000e+02,-2.858834088910018423e+01,-4.549975767296444928e+00
1.230000000000000000e+02,1.000000000000000000e+00,1.210000000000000000e+02,-2.491824671605360564e+01,-3.965862138043319440e+00
1.340000000000000000e+02,1.000000000000000000e+00,8.000000000000000000e+01,1.253651189216857098e+01,1.995247836768958116e+00
1.440000000000000000e+02,-1.000000000000000000e+00,1.100000000000000000e+02,-2.246136393174658963e+00,-3.574837098323478957e-01
1.630000000000000000e+02,-1.000000000000000000e+00,8.200000000000000000e+01,5.660150049315708642e-01,9.008408589904302877e-02
1.670000000000000000e+02,-1.000000000000000000e+00,1.130000000000000000e+02,-2.783712122884507423e-02,-4.430415445019029487e-03
1.690000000000000000e+02,-1.000000000000000000e+00,1.200000000000000000e+02,-6.367539408425356484e+00,-1.013425372183338613e+00
1.730000000000000000e+02,-1.000000000000000000e+00,9.600000000000000000e+01,-8.380824527245259503e+00,-1.333849650696879996e+00
1.780000000000000000e+02,-1.000000000000000000e+00,1.010000000000000000e+02,-1.136001188257892025e+01,-1.808002044695102839e+00
1.900000000000000000e+02,1.000000000000000000e+00,1.050000000000000000e+02,1.817506818221057330e+01,2.892651942231041495e+00
1.970000000000000000e+02,1.000000000000000000e+00,1.400000000000000000e+02,-9.913873164636710200e+00,-1.577841919338023979e+00
2.480000000000000000e+02,-1.000000000000000000e+00,9.200000000000000000e+01,-9.544604157301959546e+00,-1.519070931490061005e+00
2.500000000000000000e+02,1.000000000000000000e+00,1.410000000000000000e+02,-2.467700338508501190e+01,-3.927467069431713753e+00
2.910000000000000000e+02,-1.000000000000000000e+00,8.100000000000000000e+01,-1.638890805073608448e+01,-2.608375728153206730e+00
3.010000000000000000e+02,1.000000000000000000e+00,1.080000000000000000e+02,-1.009977890243551002e+01,-1.607429736457848701e+00
3.310000000000000000e+02,-1.000000000000000000e+00,8.900000000000000000e+01,-2.882194273913059490e+01,-4.587154656444195844e+00
3.430000000000000000e+02,-1.000000000000000000e+00,9.100000000000000000e+01,-2.756005877853971242e+01,-4.386319586507778645e+00
3.500000000000000000e+02,-1.000000000000000000e+00,8.100000000000000000e+01,-3.707381964864434387e+00,-5.900481656379181761e-01
3.550000000000000000e+02,-1.000000000000000000e+00,1.130000000000000000e+02,9.798918438297395284e+00,1.559546306409345995e+00
3.770000000000000000e+02,1.000000000000000000e+00,1.010000000000000000e+02,9.439963760376064883e+00,1.502416895072206993e+00
3.910000000000000000e+02,1.000000000000000000e+00,1.020000000000000000e+02,-7.305057215547082761e-01,-1.162635965423435419e-01
5.560000000000000000e+02,1.000000000000000000e+00,8.400000000000000000e+01,-1.287346915429641214e+01,-2.048876250647315711e+00
6.180000000000000000e+02,-1.000000000000000000e+00,8.800000000000000000e+01,-1.383018360628939902e+01,-2.201142084809453170e+00
1.283000000000000000e+03,-1.000000000000000000e+00,8.400000000000000000e+01,-2.350423384709504049e+01,-3.740815000353011399e+00
1.291000000000000000e+03,-1.000000000000000000e+00,9.500000000000000000e+01,1.488052759326409458e+01,2.368309522283325474e+00
1.306000000000000000e+03,-1.000000000000000000e+00,9.100000000000000000e+01,1.436020756615298488e+01,2.285498017978883301e+00
1.360000000000000000e+03,-1.000000000000000000e+00,8.900000000000000000e+01,-2.321426239095620847e+00,-3.694664609752961737e-01
1.386000000000000000e+03,1.000000000000000000e+00,9.200000000000000000e+01,6.575032151195634000e+00,1.046448867850923392e+00
1.405000000000000000e+03,1.000000000000000000e+00,9.500000000000000000e+01,2.629754424984859451e+00,4.185384158541252675e-01
1.507000000000000000e+03,1.000000000000000000e+00,1.050000000000000000e+02,4.351183677464058874e+00,6.925123905691762394e-01
1.521000000000000000e+03,-1.000000000000000000e+00,9.300000000000000000e+01,-4.492803818340770583e+00,-7.150519360310754191e-01
1.574000000000000000e+03,1.000000000000000000e+00,1.120000000000000000e+02,-2.196561338395668983e+01,-3.495935948102201429e+00
1.577000000000000000e+03,-1.000000000000000000e+00,9.100000000000000000e+01,-5.789147408632699943e+00,-9.213714263715307995e-01
1.582000000000000000e+03,1.000000000000000000e+00,8.800000000000000000e+01,-8.507777111138469905e+00,-1.354054781961772980e+00
1.633000000000000000e+03,1.000000000000000000e+00,1.120000000000000000e+02,-1.738020143214398772e+01,-2.766144969858554070e+00
1.640000000000000000e+03,1.000000000000000000e+00,1.110000000000000000e+02,8.154768443507911968e+00,1.297871707554085763e+00
1.650000000000000000e+03,1.000000000000000000e+00,1.170000000000000000e+02,2.882460372451839170e+00,4.587578165422159238e-01
1.656000000000000000e+03,1.000000000000000000e+00,8.900000000000000000e+01,-3.046716973770649517e+01,-4.849000665775792918e+00
1.664000000000000000e+03,-1.000000000000000000e+00,8.300000000000000000e+01,-3.235547929763887964e+01,-5.149534466326714188e+00
1.683000000000000000e+03,1.000000000000000000e+00,1.350000000000000000e+02,-3.617414038681984323e+01,-5.757293254662545046e+00
1.687000000000000000e+03,-1.000000000000000000e+00,1.290000000000000000e+02,3.468687176971148922e+00,5.520587102544303182e-01
1.698000000000000000e+03,-1.000000000000000000e+00,8.000000000000000000e+01,-4.850660576748802022e-01,-7.720066080505558204e-02
1.714000000000000000e+03,-1.000000000000000000e+00,8.800000000000000000e+01,-7.919142454534902953e+00,-1.260370666688114927e+00
1.721000000000000000e+03,-1.000000000000000000e+00,9.200000000000000000e+01,5.868731345481992712e+00,9.340376033118089616e-01
1.741000000000000000e+03,-1.000000000000000000e+00,8.500000000000000000e+01,-2.648977065119257901e+00,-4.215977940507914523e-01
1.778000000000000000e+03,-1.000000000000000000e+00,8.600000000000000000e+01,-1.591315912705440105e+01,-2.532657935278618044e+00
1.790000000000000000e+03,-1.000000000000000000e+00,8.100000000000000000e+01,-9.630889999041020388e+00,-1.532803749721677544e+00
1.791000000000000000e+03,1.000000000000000000e+00,8.000000000000000000e+01,1.232397430334049249e+00,1.961421428914136567e-01
1.830000000000000000e+03,-1.000000000000000000e+00,8.100000000000000000e+01,-1.422109837437720437e+01,-2.263358102478249201e+00
1.846000000000000000e+03,-1.000000000000000000e+00,1.190000000000000000e+02,-2.147987949296592447e+01,-3.418628998323761436e+00
1.882000000000000000e+03,1.000000000000000000e+00,1.070000000000000000e+02,-2.562224429077994969e+00,-4.077906831985723124e-01
1.884000000000000000e+03,-1.000000000000000000e+00,8.300000000000000000e+01,-9.494428289222353712e+00,-1.511085194061264847e+00
1.909000000000000000e+03,-1.000000000000000000e+00,8.900000000000000000e+01,7.578436188774764659e+00,1.206145580350007851e+00
1.940000000000000000e+03,-1.000000000000000000e+00,8.300000000000000000e+01,-7.175390520820670304e+00,-1.141998870003338995e+00
1.947000000000000000e+03,1.000000000000000000e+00,1.590000000000000000e+02,-9.524015279557795921e+00,-1.515794109824362801e+00
2.086000000000000000e+03,-1.000000000000000000e+00,1.390000000000000000e+02,1.605263244795296806e+00,2.554855803729067509e-01
2.104000000000000000e+03,1.000000000000000000e+00,1.100000000000000000e+02,3.902503936028935527e+00,6.211027918545828364e-01
2.191000000000000000e+03,1.000000000000000000e+00,1.210000000000000000e+02,-1.754704172069684986e+00,-2.792698426488620655e-01
2.211000000000000000e+03,1.000000000000000000e+00,1.100000000000000000e+02,-1.870118627600927952e-02,-2.976386237509191270e-03
2.265000000000000000e+03,1.000000000000000000e+00,1.100000000000000000e+02,-8.086119828876995541e+00,-1.286945941199164833e+00
2.267000000000000000e+03,-1.000000000000000000e+00,9.400000000000000000e+01,-1.953076718380746257e+01,-3.108418139679933745e+00
2.284000000000000000e+03,-1.000000000000000000e+00,9.400000000000000000e+01,-5.791839716492939161e+00,-9.217999204758129395e-01
2.290000000000000000e+03,1.000000000000000000e+00,8.000000000000000000e+01,-3.972555385430307950e+00,-6.322518262975630465e-01
2.315000000000000000e+03,-1.000000000000000000e+00,1.070000000000000000e+02,-1.687796502456329284e+00,-2.686211562991370760e-01
2.316000000000000000e+03,-1.000000000000000000e+00,1.000000000000000000e+02,-2.171659307508877035e+01,-3.456303135015601491e+00
2.326000000000000000e+03,1.000000000000000000e+00,1.000000000000000000e+02,1.003447683844519212e+01,1.597036590179686355e+00
2.332000000000000000e+03,1.000000000000000000e+00,1.010000000000000000e+02,-4.152094034332725947e+00,-6.608262897464231012e-01
2.389000000000000000e+03,1.000000000000000000e+00,9.900000000000000000e+01,-3.744339602403321265e+01,-5.959301563372306099e+00
2.393000000000000000e+03,-1.000000000000000000e+00,9.000000000000000000e+01,-3.285303394432147428e+01,-5.228722747804590121e+00
2.418000000000000000e+03,-1.000000000000000000e+00,1.010000000000000000e+02,-1.467063611752012697e+01,-2.334904256405820444e+00
2.433000000000000000e+03,1.000000000000000000e+00,1.000000000000000000e+02,-2.318691977579199648e+00,-3.690312897392518110e-01
2.483000000000000000e+03,-1.000000000000000000e+00,9.200000000000000000e+01,-1.209776669387967196e+01,-1.925419369703446071e+00
2.540000000000000000e+03,1.000000000000000000e+00,1.250000000000000000e+02,-1.946739709345739655e+01,-3.098332476556540538e+00
2.546000000000000000e+03,1.000000000000000000e+00,1.140000000000000000e+02,-6.620672833106080013e+00,-1.053712807983055777e+00
2.552000000000000000e+03,1.000000000000000000e+00,8.400000000000000000e+01,-1.908140003872952661e+01,-3.036899137277687455e+00
2.557000000000000000e+03,1.000000000000000000e+00,9.300000000000000000e+01,-6.345807005412646085e+00,-1.009966552818600594e+00
2.636000000000000000e+03,-1.000000000000000000e+00,8.700000000000000000e+01,-1.738983692111522217e+01,-2.767678505557433777e+00
2.689000000000000000e+03,-1.000000000000000000e+00,1.370000000000000000e+02,-1.771676222274908952e+01,-2.819710283334272649e+00
2.694000000000000000e+03,1.000000000000000000e+00,8.400000000000000000e+01,5.011879382034363672e+00,7.976653778311227905e-01
2.698000000000000000e+03,-1.000000000000000000e+00,1.110000000000000000e+02,-1.757585580380086299e+01,-2.797284330245284778e+00
2.709000000000000000e+03,1.000000000000000000e+00,1.050000000000000000e+02,-1.079632115986220953e+01,-1.718287879799695439e+00
2.711000000000000000e+03,-1.000000000000000000e+00,9.700000000000000000e+01,-9.585064565515661883e+00,-1.525510405456787622e+00
2.745000000000000000e+03,1.000000000000000000e+00,1.300000000000000000e+02,-3.185545627370797206e+01,-5.069953330408353054e+00
2.758000000000000000e+03,-1.000000000000000000e+00,1.070000000000000000e+02,-2.470836155185626382e+00,-3.932457876679658626e-01
2.803000000000000000e+03,-1.000000000000000000e+00,9.700000000000000000e+01,-9.895459710473817339e+00,-1.574911327088603485e+00
2.805000000000000000e+03,1.000000000000000000e+00,8.200000000000000000e+01,8.164006759904218313e+00,1.299342031274404841e+00
2.815000000000000000e+03,1.000000000000000000e+00,8.600000000000000000e+01,-4.696666028733706533e+00,-7.474976145247511639e-01
2.836000000000000000e+03,-1.000000000000000000e+00,8.300000000000000000e+01,4.460489513989099208e+00,7.099089547609309658e-01
2.860000000000000000e+03,-1.000000000000000000e+00,1.020000000000000000e+02,-2.435263180424278673e+01,-3.875841728942141184e+00
2.863000000000000000e+03,1.000000000000000000e+00,9.000000000000000000e+01,2.324449161821306564e+00,3.699475740696738790e-01
2.871000000000000000e+03,-1.000000000000000000e+00,1.010000000000000000e+02,-1.074769756237219198e+01,-1.710549193908248444e+00
2.883000000000000000e+03,1.000000000000000000e+00,1.060000000000000000e+02,-1.008850597086273737e+01,-1.605635593674905381e+00
2.944000000000000000e+03,1.000000000000000000e+00,9.900000000000000000e+01,-2.367752716245302924e+00,-3.768395488097018298e-01
2.949000000000000000e+03,-1.000000000000000000e+00,1.450000000000000000e+02,-2.009328925961527190e+01,-3.197946308643060398e+00
2.960000000000000000e+03,1.000000000000000000e+00,8.000000000000000000e+01,-8.779666877933919977e+00,-1.397327382323371392e+00
2.999000000000000000e+03,-1.000000000000000000e+00,9.400000000000000000e+01,-1.130627197559629593e+00,-1.799449072857519649e-01
3.000000000000000000e+03,1.000000000000000000e+00,1.040000000000000000e+02,-1.515473427631726544e+01,-2.411950871320069911e+00
3.017000000000000000e+03,-1.000000000000000000e+00,1.110000000000000000e+02,5.556222731466741394e+00,8.843003126324845420e-01
3.026000000000000000e+03,-1.000000000000000000e+00,8.300000000000000000e+01,-1.905112765377126038e-01,-3.032081137572398624e-02
3.071000000000000000e+03,1.000000000000000000e+00,9.800000000000000000e+01,-5.455542761581782862e+00,-8.682765977549502523e-01
3.099000000000000000e+03,-1.000000000000000000e+00,1.100000000000000000e+02,-1.217320712505022229e+01,-1.937426087233222960e+00
3.116000000000000000e+03,1.000000000000000000e+00,9.000000000000000000e+01,-3.681997071612161498e+00,-5.860080343969588101e-01
3.146000000000000000e+03,-1.000000000000000000e+00,9.500000000000000000e+01,-1.922228089333832912e+01,-3.059321021675688979e+00
3.148000000000000000e+03,1.000000000000000000e+00,9.200000000000000000e+01,6.161157575358690019e-01,9.805786832864121783e-02
3.155000000000000000e+03,1.000000000000000000e+00,1.260000000000000000e+02,-6.675172556161834692e+00,-1.062386708304518423e+00
3.212000000000000000e+03,-1.000000000000000000e+00,9.100000000000000000e+01,7.388322042444434246e+00,1.175887974209839815e+00
3.252000000000000000e+03,-1.000000000000000000e+00,9.100000000000000000e+01,-8.649230741698401559e+00,-1.376567826483680923e+00
3.253000000000000000e+03,1.000000000000000000e+00,1.400000000000000000e+02,-2.740924114680399981e+01,-4.362316214911627021e+00
3.273000000000000000e+03,-1.000000000000000000e+00,1.000000000000000000e+02,-1.169839754998907821e+01,-1.861857796334879689e+00
3.312000000000000000e+03,1.000000000000000000e+00,1.140000000000000000e+02,-2.141538063894692456e+01,-3.408363686882875054e+00
3.324000000000000000e+03,1.000000000000000000e+00,9.100000000000000000e+01,-1.893434245308314701e+01,-3.013494195602906434e+00
3.349000000000000000e+03,1.000000000000000000e+00,8.300000000000000000e+01,-1.050506538906170917e+01,-1.671933084172755768e+00
3.364000000000000000e+03,-1.000000000000000000e+00,8.800000000000000000e+01,-4.426844446154715840e+00,-7.045541759044267049e-01
3.381000000000000000e+03,-1.000000000000000000e+00,9.900000000000000000e+01,-2.019267667843406500e+01,-3.213764307629215722e+00
3.386000000000000000e+03,1.000000000000000000e+00,1.410000000000000000e+02,-6.035905005328173090e+00,-9.606441176310915875e-01
3.400000000000000000e+03,1.000000000000000000e+00,8.200000000000000000e+01,-1.004787636547190210e+01,-1.599169191141080804e+00
3.407000000000000000e+03,-1.000000000000000000e+00,8.300000000000000000e+01,2.250040761873870920e+00,3.581051094104807375e-01
3.438000000000000000e+03,-1.000000000000000000e+00,9.000000000000000000e+01,-5.478010053153652414e-01,-8.718523782665001109e-02
3.445000000000000000e+03,-1.000000000000000000e+00,8.300000000000000000e+01,1.773548703035917740e+01,2.822690429023862801e+00
3.482000000000000000e+03,1.000000000000000000e+00,8.400000000000000000e+01,-5.740271812009659413e+00,-9.135926335724082747e-01
3.487000000000000000e+03,-1.000000000000000000e+00,1.080000000000000000e+02,-2.407796307256551138e+00,-3.832126842582921356e-01
3.491000000000000000e+03,-1.000000000000000000e+00,9.900000000000000000e+01,-1.374918454041709381e+01,-2.188250683090049886e+00
3.497000000000000000e+03,1.000000000000000000e+00,8.700000000000000000e+01,-6.250249300724607160e+00,-9.947580717669834982e-01
3.498000000000000000e+03,-1.000000000000000000e+00,8.400000000000000000e+01,2.682276544549962782e+00,4.268975708045750217e-01
3.590000000000000000e+03,1.000000000000000000e+00,1.030000000000000000e+02,-1.609397993792381243e+01,-2.561436461142369669e+00
3.603000000000000000e+03,1.000000000000000000e+00,1.000000000000000000e+02,-1.689846830946386902e+01,-2.689474762132919139e+00
3.605000000000000000e+03,1.000000000000000000e+00,8.500000000000000000e+01,-7.694152720031811832e+00,-1.224562438297014833e+00
3.609000000000000000e+03,1.000000000000000000e+00,8.400000000000000000e+01,1.028827658967615832e+01,1.637430075143587960e+00
3.652000000000000000e+03,-1.000000000000000000e+00,1.560000000000000000e+02,-3.849812426936543375e+01,-6.127166777235570905e+00
3.655000000000000000e+03,-1.000000000000000000e+00,1.270000000000000000e+02,-9.547221624826796926e+00,-1.519487514385021498e+00
3.675000000000000000e+03,1.000000000000000000e+00,9.100000000000000000e+01,-1.239743904404080865e+01,-1.973113705539556229e+00
3.676000000000000000e+03,-1.000000000000000000e+00,8.300000000000000000e+01,1.214972420908180162e+01,1.933688665078637348e+00
3.678000000000000000e+03,1.000000000000000000e+00,8.200000000000000000e+01,-1.280964360512522759e+01,-2.038718099001166628e+00
3.681000000000000000e+03,-1.000000000000000000e+00,1.010000000000000000e+02,-1.547143119080108775e+01,-2.462354750722121732e+00
3.684000000000000000e+03,-1.000000000000000000e+00,8.900000000000000000e+01,-7.862287873086950540e+00,-1.251321979013252372e+00
3.699000000000000000e+03,-1.000000000000000000e+00,1.120000000000000000e+02,-1.367725609710455537e+01,-2.176802915787954262e+00
3.702000000000000000e+03,1.000000000000000000e+00,8.700000000000000000e+01,-3.935985363461810271e-01,-6.264315265322974169e-02
3.713000000000000000e+03,-1.000000000000000000e+00,8.100000000000000000e+01,-1.866082042879060099e+00,-2.969961813392246186e-01
3.714000000000000000e+03,1.000000000000000000e+00,1.270000000000000000e+02,-2.607725161756675192e+01,-4.150323497186872324e+00
3.719000000000000000e+03,1.000000000000000000e+00,8.100000000000000000e+01,-7.607140684959997401e+00,-1.210714042806850133e+00
3.724000000000000000e+03,1.000000000000000000e+00,1.040000000000000000e+02,-1.850958157756078037e+01,-2.945891402631480194e+00
3.763000000000000000e+03,-1.000000000000000000e+00,1.200000000000000000e+02,1.823832739546080939e+00,2.902719958715920812e-01
3.767000000000000000e+03,-1.000000000000000000e+00,1.260000000000000000e+02,7.041596557180183069e+00,1.120704899334098226e+00
3.875000000000000000e+03,-1.000000000000000000e+00,1.020000000000000000e+02,5.483651501807907280e+00,8.727502427060238599e-01
3.900000000000000000e+03,1.000000000000000000e+00,8.900000000000000000e+01,-4.207447990291779405e+00,-6.696361454569975669e-01
3.908000000000000000e+03,1.000000000000000000e+00,9.600000000000000000e+01,-1.980951548356506464e+01,-3.152782309464817523e+00
3.944000000000000000e+03,-1.000000000000000000e+00,1.110000000000000000e+02,-1.536064136135392388e+01,-2.444722001721297389e+00
3.962000000000000000e+03,-1.000000000000000000e+00,9.400000000000000000e+01,1.229836668677861899e+00,1.957345850157512501e-01
3.969000000000000000e+03,-1.000000000000000000e+00,8.000000000000000000e+01,-1.676171311412414866e+01,-2.667709496801104585e+00
3.974000000000000000e+03,1.000000000000000000e+00,8.300000000000000000e+01,-4.142079522477249753e+00,-6.592324306819716817e-01
3.997000000000000000e+03,1.000000000000000000e+00,1.030000000000000000e+02,-8.370354538852540216e+00,-1.332183300290063821e+00
4.010000000000000000e+03,1.000000000000000000e+00,1.050000000000000000e+02,-4.919745558393776363e+00,-7.830018243727663307e-01
4.023000000000000000e+03,1.000000000000000000e+00,9.400000000000000000e+01,2.599613467771042075e+00,4.137413335240249235e-01
4.048000000000000000e+03,-1.000000000000000000e+00,1.090000000000000000e+02,-1.504621423012133974e+01,-2.394679369543427860e+00
4.062000000000000000e+03,1.000000000000000000e+00,1.450000000000000000e+02,-2.130240789664336276e+01,-3.390383516510616424e+00
4.098000000000000000e+03,-1.000000000000000000e+00,9.800000000000000000e+01,8.739772519819503094e-01,1.390977998027983775e-01
4.099000000000000000e+03,-1.000000000000000000e+00,8.400000000000000000e+01,-1.666152619213233432e+00,-2.651764252932945487e-01
4.103000000000000000e+03,-1.000000000000000000e+00,1.010000000000000000e+02,-4.795909450800786011e-01,-7.632926957160821035e-02
4.185000000000000000e+03,-1.000000000000000000e+00,8.600000000000000000e+01,-3.706519837719766564e+00,-5.899109538412705689e-01
4.188000000000000000e+03,1.000000000000000000e+00,9.800000000000000000e+01,-1.337869375266866179e+01,-2.129285242849876525e+00
4.242000000000000000e+03,-1.000000000000000000e+00,1.100000000000000000e+02,-4.890908529419980333e+00,-7.784122686675024605e-01
4.243000000000000000e+03,1.000000000000000000e+00,1.160000000000000000e+02,-1.501693193544662819e+01,-2.390018947600873744e+00
4.358000000000000000e+03,1.000000000000000000e+00,8.000000000000000000e+01,-1.838400302142653331e+01,-2.925904954676371794e+00
4.396000000000000000e+03,1.000000000000000000e+00,8.600000000000000000e+01,2.886668832920780137e+00,4.594276138286547129e-01
4.433000000000000000e+03,-1.000000000000000000e+00,9.100000000000000000e+01,-1.477914265370970881e+01,-2.352173607998171878e+00
4.434000000000000000e+03,1.000000000000000000e+00,9.100000000000000000e+01,-5.587052061238427569e+00,-8.892069528578585569e-01
4.484000000000000000e+03,-1.000000000000000000e+00,1.010000000000000000e+02,-1.376344974503625629e+01,-2.190521060919406793e+00
4.485000000000000000e+03,1.000000000000000000e+00,8.300000000000000000e+01,-2.086962087564537072e+01,-3.321503322812770165e+00
4.498000000000000000e+03,-1.000000000000000000e+00,8.800000000000000000e+01,-9.411991495827086496e+00,-1.497964970899762882e+00
4.540000000000000000e+03,1.000000000000000000e+00,9.000000000000000000e+01,-2.762275171143645025e+01,-4.396297476675222526e+00
4.552000000000000000e+03,1.000000000000000000e+00,1.100000000000000000e+02,-1.127699205097965951e+01,-1.794789028121423824e+00
4.553000000000000000e+03,-1.000000000000000000e+00,1.050000000000000000e+02,-1.877166376790430391e+01,-2.987603078721003058e+00
4.573000000000000000e+03,1.000000000000000000e+00,9.200000000000000000e+01,4.427022242197542923e+00,7.045824730235048516e-01
4.574000000000000000e+03,-1.000000000000000000e+00,8.400000000000000000e+01,-1.191970919095087922e+01,-1.897080637957728966e+00
4.642000000000000000e+03,-1.000000000000000000e+00,9.700000000000000000e+01,-1.982155682141555531e+01,-3.154698747905162470e+00
4.647000000000000000e+03,1.000000000000000000e+00,9.500000000000000000e+01,-1.816038929172114891e+01,-2.890315724250545060e+00
4.653000000000000000e+03,-1.000000000000000000e+00,1.370000000000000000e+02,-6.137522602614390088e+00,-9.768170605443146082e-01
4.655000000000000000e+03,1.000000000000000000e+00,8.200000000000000000e+01,-5.772460819954786659e-01,-9.187156733000996500e-02
4.693000000000000000e+03,1.000000000000000000e+00,9.000000000000000000e+01,-5.445871929079974194e+00,-8.667374369584736060e-01
4.704000000000000000e+03,1.000000000000000000e+00,8.500000000000000000e+01,-2.389508218252861482e+01,-3.803020444936504152e+00
4.813000000000000000e+03,1.000000000000000000e+00,1.150000000000000000e+02,-2.935519614662938892e+01,-4.672024572168226086e+00
4.815000000000000000e+03,1.000000000000000000e+00,9.600000000000000000e+01,-1.216252158114518878e+01,-1.935725430101111533e+00
4.817000000000000000e+03,-1.000000000000000000e+00,9.700000000000000000e+01,-1.775626815377179479e+00,-2.825997847537983776e-01
4.826000000000000000e+03,-1.000000000000000000e+00,1.230000000000000000e+02,-2.630308204485550139e+00,-4.186265525990431335e-01
4.875000000000000000e+03,1.000000000000000000e+00,1.030000000000000000e+02,4.102563191555463895e+00,6.529432112829144375e-01
4.880000000000000000e+03,1.000000000000000000e+00,1.020000000000000000e+02,-1.503088815159566716e+00,-2.392240148387852483e-01
4.956000000000000000e+03,-1.000000000000000000e+00,9.800000000000000000e+01,-7.920572048092413553e+00,-1.260598193569405057e+00
4.999000000000000000e+03,1.000000000000000000e+00,1.170000000000000000e+02,-7.709562896545130606e+00,-1.227015044063028082e+00
5.005000000000000000e+03,-1.000000000000000000e+00,9.800000000000000000e+01,-3.911110436486084030e+00,-6.224725589450607055e-01
5.008000000000000000e+03,1.000000000000000000e+00,9.900000000000000000e+01,-2.659677499890131358e+00,-4.233008211378083141e-01
5.030000000000000000e+03,1.000000000000000000e+00,1.300000000000000000e+02,-2.357487840534285795e+01,-3.752058431000695027e+00
5.032000000000000000e+03,-1.000000000000000000e+00,9.900000000000000000e+01,-8.008330738164829654e+00,-1.274565422893699784e+00
5.033000000000000000e+03,1.000000000000000000e+00,1.300000000000000000e+02,-3.103970226735976823e+01,-4.940122047951018835e+00
5.034000000000000000e+03,-1.000000000000000000e+00,1.300000000000000000e+02,-1.503142370453751120e+01,-2.392325384285834300e+00
5.035000000000000000e+03,1.000000000000000000e+00,8.400000000000000000e+01,-1.923365686474983960e+01,-3.061131563758302754e+00
5.092000000000000000e+03,-1.000000000000000000e+00,8.000000000000000000e+01,-7.146941279744056352e+00,-1.137471032658782910e+00
5.093000000000000000e+03,1.000000000000000000e+00,1.020000000000000000e+02,6.622917834397310521e-01,1.054070111035802643e-01
5.099000000000000000e+03,-1.000000000000000000e+00,1.070000000000000000e+02,8.269784461341400217e+00,1.316177075327030987e+00
5.108000000000000000e+03,1.000000000000000000e+00,1.070000000000000000e+02,-3.554550628304059501e+01,-5.657243029649934307e+00
5.178000000000000000e+03,1.000000000000000000e+00,1.130000000000000000e+02,-6.749051850988983858e+00,-1.074144963268402586e+00
5.250000000000000000e+03,1.000000000000000000e+00,1.130000000000000000e+02,-1.518515065115467877e+01,-2.416791787726380480e+00
5.255000000000000000e+03,-1.000000000000000000e+00,8.200000000000000000e+01,3.727209838349507365e+00,5.932038697140682437e-01
5.263000000000000000e+03,1.000000000000000000e+00,8.000000000000000000e+01,-7.339066123289457622e+00,-1.168048651199790511e+00
5.303000000000000000e+03,-1.000000000000000000e+00,1.030000000000000000e+02,-1.120075278972086252e+01,-1.782655172834411772e+00
5.312000000000000000e+03,1.000000000000000000e+00,9.100000000000000000e+01,-1.755270213609549712e+00,-2.793599309579268830e-01
5.333000000000000000e+03,-1.000000000000000000e+00,9.600000000000000000e+01,-9.942324207514090517e+00,-1.582370043448078523e+00
5.334000000000000000e+03,1.000000000000000000e+00,8.300000000000000000e+01,2.356679075375557986e+00,3.750771241272574663e-01
5.449000000000000000e+03,-1.000000000000000000e+00,9.200000000000000000e+01,-7.424403289811520423e+00,-1.181630483081233196e+00
5.471000000000000000e+03,1.000000000000000000e+00,9.800000000000000000e+01,-1.163789584661248000e+01,-1.852228651177014518e+00
5.497000000000000000e+03,-1.000000000000000000e+00,8.500000000000000000e+01,-1.308083062715030387e+01,-2.081878854058828221e+00
5.506000000000000000e+03,1.000000000000000000e+00,1.000000000000000000e+02,-5.112248555714018039e+00,-8.136396279562887468e-01
5.540000000000000000e+03,-1.000000000000000000e+00,9.400000000000000000e+01,-1.964224397395758714e+01,-3.126160221872344103e+00
5.572000000000000000e+03,1.000000000000000000e+00,1.190000000000000000e+02,-1.232720424052002883e+01,-1.961935489382136133e+00
5.576000000000000000e+03,-1.000000000000000000e+00,9.600000000000000000e+01,-2.086726843656197161e+01,-3.321128920504324622e+00
5.577000000000000000e+03,1.000000000000000000e+00,1.050000000000000000e+02,-1.016760730913270372e+01,-1.618224962665754552e+00
5.624000000000000000e+03,-1.000000000000000000e+00,8.600000000000000000e+01,-2.770002279729537165e+01,-4.408595551947748881e+00
5.661000000000000000e+03,-1.000000000000000000e+00,8.000000000000000000e+01,3.293183062973163988e+00,5.241263629786875322e-01
5.673000000000000000e+03,1.000000000000000000e+00,8.200000000000000000e+01,-9.044030428795743148e+00,-1.439402148216356370e+00
5.726000000000000000e+03,1.000000000000000000e+00,1.170000000000000000e+02,-1.073505010926649561e+01,-1.708536289228953953e+00
5.746000000000000000e+03,1.000000000000000000e+00,1.030000000000000000e+02,-2.285927773095908222e+01,-3.638167046392623227e+00
5.784000000000000000e+03,1.000000000000000000e+00,1.160000000000000000e+02,3.134584803396195163e+00,4.988846660012413725e-01
5.792000000000000000e+03,-1.000000000000000000e+00,1.070000000000000000e+02,-2.264827179809078217e+01,-3.604584409154916624e+00
5.799000000000000000e+03,-1.000000000000000000e+00,8.400000000000000000e+01,1.696229000049835012e+00,2.699632299737540486e-01
5.802000000000000000e+03,1.000000000000000000e+00,8.700000000000000000e+01,-3.058894304925297014e+00,-4.868381490245083931e-01
5.837000000000000000e+03,-1.000000000000000000e+00,9.200000000000000000e+01,-1.850918558882928266e+01,-2.945828379067453984e+00
5.839000000000000000e+03,-1.000000000000000000e+00,1.150000000000000000e+02,-1.184295111309988613e+01,-1.884864210445510890e+00
5.844000000000000000e+03,1.000000000000000000e+00,1.040000000000000000e+02,-2.762424118906521642e+01,-4.396534534402466221e+00
5.860000000000000000e+03,1.000000000000000000e+00,9.100000000000000000e+01,1.244860356669781254e+01,1.981256792231355757e+00
5.948000000000000000e+03,1.000000000000000000e+00,8.300000000000000000e+01,-1.415556294310770369e+01,-2.252927814644049231e+00
6.016000000000000000e+03,-1.000000000000000000e+00,1.050000000000000000e+02,-2.153212526516697878e+01,-3.426944171225212443e+00
6.043000000000000000e+03,-1.000000000000000000e+00,1.050000000000000000e+02,-1.184727932280539520e+00,-1.885553066414881185e-01
6.049000000000000000e+03,-1.000000000000000000e+00,9.400000000000000000e+01,-2.205288424078649001e+00,-3.509825536354529429e-01
6.052000000000000000e+03,1.000000000000000000e+00,1.010000000000000000e+02,-2.992414791546481823e+01,-4.762576058559261583e+00
6.096000000000000000e+03,-1.000000000000000000e+00,8.500000000000000000e+01,4.816907585595107122e+00,7.666346526643083026e-01
6.097000000000000000e+03,1.000000000000000000e+00,1.090000000000000000e+02,-1.571571448042542585e+01,-2.501233643780584437e+00
6.099000000000000000e+03,1.000000000000000000e+00,8.400000000000000000e+01,-5.225746643665061697e+00,-8.317034096851759761e-01
6.107000000000000000e+03,-1.000000000000000000e+00,8.000000000000000000e+01,-1.059777006525289167e+01,-1.686687491636315928e+00
6.109000000000000000e+03,-1.000000000000000000e+00,9.400000000000000000e+01,-1.530985533130913900e+01,-2.436639153999656582e+00
6.110000000000000000e+03,-1.000000000000000000e+00,8.500000000000000000e+01,-1.334448098160626728e+01,-2.123840111218425086e+00
6.143000000000000000e+03,-1.000000000000000000e+00,8.300000000000000000e+01,-4.623181225362834823e+00,-7.358021448261409247e-01
6.145000000000000000e+03,-1.000000000000000000e+00,1.010000000000000000e+02,-7.535686914744338161e+00,-1.199341822074475594e+00
6.147000000000000000e+03,1.000000000000000000e+00,1.090000000000000000e+02,-1.073077233026841881e+01,-1.707855459555955413e+00
6.162000000000000000e+03,1.000000000000000000e+00,9.600000000000000000e+01,-2.144769087268208096e+01,-3.413506020294279519e+00
6.203000000000000000e+03,-1.000000000000000000e+00,8.600000000000000000e+01,-1.656356067455726055e+00,-2.636172556558316615e-01
6.204000000000000000e+03,1.000000000000000000e+00,9.400000000000000000e+01,2.242173118254503450e+01,3.568529350379730403e+00
6.273000000000000000e+03,-1.000000000000000000e+00,8.400000000000000000e+01,-1.776208421514640179e+01,-2.826923502455078285e+00
6.323000000000000000e+03,1.000000000000000000e+00,9.900000000000000000e+01,-1.880391368844104250e+01,-2.992735812988745803e+00
6.342000000000000000e+03,1.000000000000000000e+00,8.000000000000000000e+01,-1.341944828717040927e+01,-2.135771528469239122e+00
6.362000000000000000e+03,-1.000000000000000000e+00,8.000000000000000000e+01,-2.484343906695697157e+00,-3.953956130908506394e-01
6.387000000000000000e+03,-1.000000000000000000e+00,9.300000000000000000e+01,1.009557196661816292e+01,1.606760181827247669e+00
6.431000000000000000e+03,-1.000000000000000000e+00,8.500000000000000000e+01,-8.732821350045924191e+00,-1.389871684998247758e+00
6.473000000000000000e+03,-1.000000000000000000e+00,1.020000000000000000e+02,-2.102192522770193861e+01,-3.345743313296980936e+00
6.474000000000000000e+03,-1.000000000000000000e+00,1.030000000000000000e+02,-1.875943878823112598e+01,-2.985657412776819175e+00
6.532000000000000000e+03,-1.000000000000000000e+00,9.100000000000000000e+01,1.001069222299096229e+00,1.593251151060605941e-01
6.534000000000000000e+03,-1.000000000000000000e+00,8.600000000000000000e+01,-5.837085432868120982e+00,-9.290009998906570976e-01
6.536000000000000000e+03,-1.000000000000000000e+00,8.800000000000000000e+01,5.396130227629223342e+00,8.588207992947852754e-01
6.574000000000000000e+03,-1.000000000000000000e+00,8.800000000000000000e+01,-6.291189096287099325e+00,-1.001273842599925690e+00
6.586000000000000000e+03,-1.000000000000000000e+00,8.000000000000000000e+01,-6.733352861432363667e+00,-1.071646391478918492e+00
6.621000000000000000e+03,-1.000000000000000000e+00,8.400000000000000000e+01,-1.600113888119207672e+01,-2.546660348041638766e+00
6.626000000000000000e+03,1.000000000000000000e+00,1.000000000000000000e+02,-2.110389477150006599e+01,-3.358789171375440752e+00
6.640000000000000000e+03,1.000000000000000000e+00,9.200000000000000000e+01,1.116552194726144798e+01,1.777048010107704190e+00
6.683000000000000000e+03,-1.000000000000000000e+00,8.400000000000000000e+01,-1.949823217197696223e+01,-3.103240031723556225e+00
6.687000000000000000e+03,-1.000000000000000000e+00,8.300000000000000000e+01,-4.420052201786865531e+00,-7.034731566385953316e-01
6.699000000000000000e+03,-1.000000000000000000e+00,8.700000000000000000e+01,3.770002947698888551e+00,6.000146045972942765e-01
6.706000000000000000e+03,-1.000000000000000000e+00,9.200000000000000000e+01,-1.263185866083077968e+01,-2.010422746309388220e+00
6.766000000000000000e+03,-1.000000000000000000e+00,9.000000000000000000e+01,-2.572156211376700341e+01,-4.093713754451238529e+00
6.799000000000000000e+03,1.000000000000000000e+00,9.600000000000000000e+01,1.658013506140698645e-01,2.638810452154167693e-02
6.886000000000000000e+03,1.000000000000000000e+00,9.500000000000000000e+01,-3.715889219499191043e+00,-5.914021372651812047e-01
6.889000000000000000e+03,1.000000000000000000e+00,9.500000000000000000e+01,-2.601208660893470803e+00,-4.139952163946456487e-01
6.907000000000000000e+03,-1.000000000000000000e+00,8.000000000000000000e+01,6.713660118573341329e+00,1.068512194109867419e+00
6.956000000000000000e+03,1.000000000000000000e+00,8.100000000000000000e+01,-1.736848547020349853e-01,-2.764280316602648821e-02
6.958000000000000000e+03,1.000000000000000000e+00,9.400000000000000000e+01,-1.332273959991650969e+01,-2.120379862852852515e+00
7.026000000000000000e+03,-1.000000000000000000e+00,9.300000000000000000e+01,-1.748452491143961396e+01,-2.782748567268998219e+00
7.045000000000000000e+03,1.000000000000000000e+00,9.200000000000000000e+01,-1.078508903988483425e+01,-1.716500232383894931e+00
7.147000000000000000e+03,-1.000000000000000000e+00,8.300000000000000000e+01,3.893264162016613295e+00,6.196322361474696505e-01
7.184000000000000000e+03,-1.000000000000000000e+00,9.000000000000000000e+01,-4.120961337824976312e+00,-6.558713672054350408e-01
7.188000000000000000e+03,1.000000000000000000e+00,9.000000000000000000e+01,-4.460770958941253639e-01,-7.099537481162745967e-02
7.192000000000000000e+03,1.000000000000000000e+00,9.000000000000000000e+01,-8.131290578028216309e-01,-1.294135089209745570e-01
7.235000000000000000e+03,-1.000000000000000000e+00,8.900000000000000000e+01,-1.092740135290594239e+01,-1.739149940464045363e+00
7.270000000000000000e+03,-1.000000000000000000e+00,8.800000000000000000e+01,-7.558063146402535182e+00,-1.202903109950646865e+00
7.271000000000000000e+03,1.000000000000000000e+00,8.800000000000000000e+01,2.972029814457878505e+00,4.730132359874599235e-01
7.334000000000000000e+03,-1.000000000000000000e+00,8.700000000000000000e+01,6.512404791186862774e+00,1.036481413932731632e+00
7.338000000000000000e+03,1.000000000000000000e+00,8.000000000000000000e+01,-8.207538551356412526e+00,-1.306270331065666923e+00
7.343000000000000000e+03,-1.000000000000000000e+00,8.700000000000000000e+01,-8.563757792255291434e+00,-1.362964384079166091e+00
7.350000000000000000e+03,1.000000000000000000e+00,8.000000000000000000e+01,6.998951021072914003e+00,1.113917651461822533e+00
7.357000000000000000e+03,-1.000000000000000000e+00,8.700000000000000000e+01,-5.270535042789988189e+00,-8.388317047990807573e-01
7.359000000000000000e+03,-1.000000000000000000e+00,8.700000000000000000e+01,-2.121465021434813636e+01,-3.376416447579043023e+00
7.389000000000000000e+03,-1.000000000000000000e+00,8.600000000000000000e+01,-1.438387929682766675e+01,-2.289265490927298696e+00
7.402000000000000000e+03,1.000000000000000000e+00,8.100000000000000000e+01,-1.514624087124692231e+01,-2.410599103919443209e+00
7.430000000000000000e+03,-1.000000000000000000e+00,8.500000000000000000e+01,-1.522189573623209569e+01,-2.422639949650783553e+00
7.442000000000000000e+03,-1.000000000000000000e+00,8.500000000000000000e+01,-1.307301281407327842e+01,-2.080634610463451217e+00
7.488000000000000000e+03,-1.000000000000000000e+00,8.300000000000000000e+01,-2.268376515033692087e+00,-3.610233351611791264e-01
7.494000000000000000e+03,1.000000000000000000e+00,8.400000000000000000e+01,6.550301028234892797e+00,1.042512787383507833e+00
7.531000000000000000e+03,-1.000000000000000000e+00,8.300000000000000000e+01,-5.759194506100644873e+00,-9.166042738736044360e-01
7.595000000000000000e+03,-1.000000000000000000e+00,8.200000000000000000e+01,-1.792645588982212956e+01,-2.853084066984012956e+00
7.651000000000000000e+03,-1.000000000000000000e+00,8.100000000000000000e+01,-1.429198139135696444e+01,-2.274639485011844986e+00
7.659000000000000000e+03,-1.000000000000000000e+00,8.100000000000000000e+01,-1.834873596366885451e+01,-2.920292028105929916e+00
7.662000000000000000e+03,-1.000000000000000000e+00,8.100000000000000000e+01,-2.987385185842569513e+00,-4.754571192463453166e-01
7.663000000000000000e+03,1.000000000000000000e+00,8.100000000000000000e+01,-2.708266160648916898e+00,-4.310339466757842630e-01
7.666000000000000000e+03,-1.000000000000000000e+00,8.100000000000000000e+01,-2.184391123773009591e-01,-3.476566449945346637e-02
7.682000000000000000e+03,-1.000000000000000000e+00,8.000000000000000000e+01,-1.228381003209945987e+01,-1.955029086610442723e+00
7.684000000000000000e+03,-1.000000000000000000e+00,8.000000000000000000e+01,-9.321621952069786943e+00,-1.483582211305829235e+00
7.687000000000000000e+03,-1.000000000000000000e+00,8.000000000000000000e+01,-3.475535357360819866e+00,-5.531486320146313806e-01
7.690000000000000000e+03,1.000000000000000000e+00,8.000000000000000000e+01,1.503372807420950696e+00,2.392692136109843548e-01
7.692000000000000000e+03,1.000000000000000000e+00,8.000000000000000000e+01,-1.243250772835987306e+01,-1.978695059996664618e+00
