time,a0_re,a0_im,ak_re,ak_im,ak_abs
0.0,0.9993750976494686,-6.938893903907228e-18,-1.1121504951540197e-16,0.024992188313759628,0.024992188313759628
0.05,0.9996865148068157,-0.02498223263998328,-0.00040830068464625685,0.0011015249171669739,0.0011747623556372202
0.1,0.9981325767127011,-0.04991618303159674,-3.582229690464899e-05,-0.024895168710799408,0.024895194483597057
0.15,0.9971812231619932,-0.07488359472202646,0.00040514101552013854,-0.0032959855755628023,0.003320792097794553
0.2,0.9944078957708594,-0.09970921572914244,7.166226366287867e-05,0.024605029374221446,0.024605133732339954
0.25,0.9921773171178893,-0.12459584652758342,-0.00039878886861096296,0.00546478856418416,0.005479319904236837
0.3,0.9882097258776102,-0.14925618513909708,-0.00010696858930359079,-0.02412401501833098,0.024124252172528712
0.35000000000000003,0.9846881140502278,-0.1739935780398861,0.0003893601091004009,-0.007591042869521576,0.007601021848506492
0.4,0.9795525275278485,-0.19843462981280963,0.0001411584949415623,0.02345583276605371,0.02345625751201101
0.45,0.9747334981022742,-0.2229523652566248,-0.0003769976846310641,0.009658206050252473,0.009665561099250817
0.5,0.9684565661561344,-0.2471227610151039,-0.00017420909212003324,-0.022605627223189265,0.022606298479883276
0.55,0.9623398131899998,-0.27134914343501315,0.00036166756714432275,-0.01165022297786685,0.01165583539962455
0.6,0.95494792595081,-0.2951997214103054,0.00020617095111230554,0.02157995881446909,0.02158094365164009
0.65,0.9475397260694716,-0.3190625667444716,-0.0003433976974998773,0.013551624933925994,0.013555975078483027
0.7000000000000001,0.9390585170053379,-0.34254585557583367,-0.00023658886766501414,-0.020386758728064946,0.020388131491841897
0.75,0.9303720607395594,-0.3659733494809792,0.0003225161777110629,-0.015347638832578317,0.015351027145443763
0.8,0.9208260844606249,-0.3890429723886558,0.000264934230354563,0.019035253231356575,0.019037096830354268
0.85,0.9108816123123635,-0.4119645759725925,-0.0002993053919513692,0.017024325112637295,0.017026955959842736
0.9,0.900294209825393,-0.434574624243169,-0.00029115658546174933,-0.017535886037474763,0.01753830297595979
0.9500000000000001,0.8891189453792352,-0.45692198267787687,0.00027371216358229605,-0.018568699501214796,0.01857071672054979
1.0,0.8775122911534297,-0.4790264203873188,0.00031531677468710196,0.0159002567959855,0.015903383000062665
1.05,0.8651401775381402,-0.5007342262799614,-0.0002457794243520735,0.01996881431643927,0.019970326805785244
1.1,0.8525355014176644,-0.5222863514527184,-0.00033709395666903236,-0.014141048625822512,0.014145065873777311
1.1500000000000001,0.839006751908436,-0.5432931270756423,0.00021599247505791692,-0.021213832337265738,0.021214931892016602
1.2,0.8254247321071537,-0.564245112369146,0.00035609567876145515,0.0122719156629613,0.012277081011839396
1.25,0.8107852149032946,-0.5844938731541285,-0.0001847764288684937,0.022294120648501448,0.022294886360298048
1.3,0.7962465101871232,-0.6047964358230266,-0.00037227624950316357,-0.01030735776806624,0.010314078425378568
1.35,0.7805469981845679,-0.6242352022605614,0.00015208296839108737,-0.023201339963784633,0.023201838404410643
1.4000000000000001,0.7650728792962659,-0.6438374387765408,0.00038568209092263827,0.008262621546865967,0.008271618070365205
1.45,0.7483681954919439,-0.6624195841335206,-0.00011793425775237971,0.023928499543324024,0.023928790167578668
1.5,0.7319812489397632,-0.6812689651486294,-0.000396132200637093,-0.006153605615476732,0.006166342740329015
1.55,0.7143293421720817,-0.6989533863802656,8.28948831405052e-05,-0.024469992448824526,0.0244701328563451
1.6,0.697054215602977,-0.7169959185330238,0.00040343370579432064,0.003996726959193545,0.004017036860836034
1.6500000000000001,0.6785152196912501,-0.7337470101070692,-4.750285364255941e-05,0.024821637055744656,0.024821682510422625
1.7,0.6603793492666821,-0.750927586047418,-0.00040759171076065726,-0.0018087642550853968,0.0018541195034720468
1.75,0.6410146723446758,-0.766715019756775,1.1738035115560486e-05,-0.024980720977115307,0.024980723734871195
1.8,0.6220489456209229,-0.782977947291533,0.00040862051762717084,-0.0003932711100246289,0.0005671268759333319
1.85,0.6019204144520566,-0.7977762911280293,2.4415000610418975e-05,0.024946026460756276,0.024946038408392764
1.9000000000000001,0.5821597499846481,-0.8130659601745048,-0.0004064553403524406,0.002592240036515814,0.0026239120317984223
1.95,0.5613288401105742,-0.8268541568682642,-6.039646344024893e-05,-0.024717828649862383,0.024717902437236733
2.0,0.5408126548463899,-0.8411158214531682,0.0004011337426395037,-0.004771011149762046,0.004787844574611601
2.05,0.5193398604146471,-0.8538765381659184,9.56157467300415e-05,0.024297883061583682,0.02429807119187484
2.1,0.4981123738367183,-0.8670571979570953,-0.0003927599935217293,0.006912627202498503,0.006923776083412395
2.15,0.4760567449608962,-0.8787760844748421,-0.00013005268327748195,-0.023689419339048293,0.0236897763248559
2.2,0.45416709904234626,-0.8908254239830641,0.00038131260120718074,-0.009000444026746563,0.009008517745913436
2.25,0.4315859385818837,-0.9014903375813585,0.0001637571762008366,0.02289713119433604,0.022897716771403082
2.3000000000000003,0.40908814489288325,-0.9123616662950024,-0.000366800601911336,0.011018233802915481,0.011024337568183943
2.35,0.38603686861898884,-0.9219618994495153,-0.0001962464916295629,-0.021927141550855993,0.02192801972994261
2.4,0.3629895816382237,-0.931613055043217,0.0003494836682867247,-0.012950303859110335,0.012955018675312173
2.45,0.33952176590119576,-0.9401385962066313,0.0002269579478341166,0.020786942390379055,0.020788181350253388
2.5,0.31598787088236696,-0.9485327776568425,-0.000329601877603188,0.014781643945304346,0.014785318228684568
2.5500000000000003,0.2921554734446304,-0.9559736500428809,-0.00025583803607990635,-0.019485333527660763,0.019487013003148684
2.6,0.26820150715839086,-0.9630801389171753,0.0003071097383695966,-0.0164980563694046,0.016500914531002612
2.65,0.2440552169849734,-0.9694258634265759,0.0002829524575408785,0.018032373904937726,0.01803459372264059
2.7,0.21975065936995847,-0.9752205956675496,-0.00028204278384576714,0.018086245210811553,0.01808844421053185
2.75,0.1953403541766323,-0.9804597989152065,-0.0003079424482907248,-0.016439318406965775,0.016442202353610148
2.8000000000000003,0.17075682005932985,-0.9849257630523396,0.000254837288869806,-0.019533901788827114,0.01953556400873396
2.85,0.1461321198112319,-0.989045950565083,0.00033035804907044486,0.014718516687711292,0.014722223674670258
2.9,0.1213424824753141,-0.9921733938206415,-0.0002258811292165837,0.020829813898854632,0.020831038604578835
2.95,0.09655334717910724,-0.9951609081163882,-0.00035013996684877635,-0.012883301937590241,0.012888059078523086
3.0,0.07163083727071522,-0.9969473399075441,0.00019512767714779922,-0.02196396777293663,0.021964834512032818
3.0500000000000003,0.046728152319449205,-0.9987875096243393,0.0003673451168631677,0.010947902601262733,0.010954063803064986
3.1,0.021745469113227216,-0.9992375053347278,-0.00016259981254237071,0.022927613208199728,0.022928189769884873
3.15,-0.003218402698114893,-0.9999149723037539,-0.0003817535020153397,-0.008927354984779774,0.008935513570051429
3.2,-0.02818993182789995,-0.9990397858499859,0.0001288378265027477,-0.02371331114377062,0.02371366113839898
3.25,-0.05316065760579704,-0.9985390001957241,0.00039309863254788336,0.006837375647417598,0.006848666459889125
3.3000000000000003,-0.07805181891240198,-0.9963560022320828,-9.435711806985805e-05,0.024314991832146027,0.024315174913272956
3.35,-0.10297272160782246,-0.9946618645863918,-0.00040135935523074223,-0.004694211477396718,0.004711338528120678
3.4,-0.12771702106102062,-0.991193835031245,5.9134747056839844e-05,-0.024728015620278244,0.024728086327798077
3.45,-0.1525288597263303,-0.9882924519941184,0.00040656375594076233,0.002514519025119603,0.0025471749086651073
3.5,-0.1770629888544823,-0.9835667625879188,-2.3158879179363545e-05,0.02494920873145423,0.024949219479962835
3.5500000000000003,-0.20170388546550974,-0.9794462771604708,-0.0004086145507180561,-0.00031526200119032694,0.0005160968711909117
3.6,-0.22596803345156516,-0.9734939979643287,-1.3009656602854624e-05,-0.024976872709000987,0.024976876097158412
3.65,-0.25037355575687925,-0.9681454607850908,0.0004074703302536048,-0.0018864262429494718,0.0019299316154012924
3.7,-0.2743115325332163,-0.9610004360550205,4.8780513810668394e-05,0.024810790239066516,0.024810838192723072
3.75,-0.2984149661734398,-0.9544186698581942,-0.00040319796330393987,0.0040734077374484645,0.004093313962197069
3.8000000000000003,-0.32197413362743005,-0.946116610293156,-8.413715413979596e-05,-0.024452235308020466,0.024452380060425806
3.85,-0.3457069382413405,-0.938301020931917,0.00039578917050616324,-0.006228678489001623,0.0062412406448430985
3.9,-0.36883798835764364,-0.9288786498078663,0.00011912764767093186,0.023903974815384237,0.023904271655312226
3.95,-0.3921303944227411,-0.9198339492167447,-0.0003852314947503377,0.008335475263969234,0.008344372425820323
4.0,-0.4147869930663567,-0.9093282346422978,-0.00015324737859179205,-0.023170245721576,0.023170752503042628
4.05,-0.4375687182544697,-0.8990650441619374,0.00037171206988835976,-0.010377399922720798,0.010384055037363117
4.1,-0.4597070127510848,-0.8875125623205524,0.00018590791420887892,0.022256709501328038,0.022257485922248077
4.15,-0.4819080908095263,-0.8760478564967646,-0.00035542768347004045,0.012338575267472765,0.012343693469511769
4.2,-0.5034861160460318,-0.8634843157615678,-0.0002170546267203922,-0.021170408042662826,0.02117152071542863
4.25,-0.5250377996669273,-0.8508416817091053,0.0003363419461142049,-0.014203782090319842,0.014207763778090013
4.3,-0.5460148462612603,-0.8373016156351387,0.0002467564986157557,0.019919728548374906,0.019921256843144993
4.3500000000000005,-0.5668505272392514,-0.8235113225423166,-0.0003144805628103228,0.015958553988110746,0.01596165227712441
4.4,-0.5871865044451482,-0.8090279580409334,-0.0002746201120231347,-0.018514349640943784,0.01851638622499117
4.45,-0.6072426129614733,-0.7941268332186897,0.00029022401463189385,-0.017589274190899652,0.017591668384247063
4.5,-0.6268974274355316,-0.7787321497349462,0.0003001446750391751,0.016965152693713532,0.01696780754095737
4.55,-0.6461142779058476,-0.7627632592165634,-0.0002639193541262483,0.01908329902466484,0.01908512392127063
4.6000000000000005,-0.6650472781386856,-0.746488226514671,-0.00032326006808824914,-0.015284125746951737,0.015287543848514495
4.65,-0.6833698196907841,-0.7295003751307133,0.00023552310738642981,-0.020429071337658956,0.020430428944426784
4.7,-0.7015393581678705,-0.7123753388618603,0.00034403247749574046,0.013484287649787152,0.013488675686210792
4.75,-0.718917795110383,-0.6944224149313086,-0.00020505721982733168,0.02161619481279649,0.021617167405748917
4.8,-0.7362809229692978,-0.6764776096333062,-0.00036220350549424424,-0.011579608476313858,0.011585271850246418
4.8500000000000005,-0.752671179718796,-0.657617801217943,0.00017302980232969408,-0.022635493726372004,0.022636155052241546
4.9,-0.7691834895699199,-0.6388839722745407,0.00037743696377667835,0.009584888937332595,0.00959231747820232
4.95,-0.784547493291462,-0.619178895251977,-0.00013992750570853324,0.023479088607629706,0.02347950556446581
5.0,-0.8001631423591317,-0.599687978083711,-0.0003896883244259852,-0.007515621507388899,0.007525717482906233
5.05,-0.814468909087341,-0.5792017600103181,0.00010572516164897294,-0.024140471715494122,0.024140703230361316
5.1000000000000005,-0.8291408346024998,-0.5589875660557799,0.00039899891300480394,0.0053878785996521366,0.005402632315563266
5.15,-0.8423623689635616,-0.5377859172636856,-7.041439814803338e-05,0.024614552955073123,0.024614653671452817
5.2,-0.8560426730694088,-0.5168848030050949,-0.0004052375796228152,-0.003218212950827322,0.003243626379965988
5.25,-0.8681596889922494,-0.49503411009659537,3.454934644816109e-05,-0.02489768255024586,0.024897706521488223
5.3,-0.8808001815429467,-0.4734855980526457,0.0004082843933314413,0.001023523016514353,0.0011019507752947331
5.3500000000000005,-0.8917976465560614,-0.45105209772928745,1.288032238422332e-06,0.024987673268384504,0.02498767330158141
5.4,-0.9033505414501359,-0.42889938847055875,-0.00040817063579171953,0.0011791096827598786,0.001247759156207927
5.45,-0.9132180686823003,-0.4059484627414136,-3.7085153041016364e-05,-0.024883827020622563,0.02488385465519443
5.5,-0.9236368036684602,-0.38323880104090385,0.00040490171066442926,-0.0033725575954172875,0.003396776432105272
5.55,-0.9323679392860832,-0.3598344002329625,7.288732773724771e-05,0.024586949690805215,0.02458705772679463
5.6000000000000005,-0.9416080680696558,-0.3366192958836695,-0.0003984412130408526,0.005539752981629638,0.005554063242142993
5.65,-0.9491995081536029,-0.31282350451985436,-0.00010817447616281099,-0.024099338427697434,0.024099581207356852
5.7,-0.9572196293607782,-0.2891587948119077,0.0003889006575254666,-0.007663817646243315,0.007673678689930544
5.75,-0.9636703958467887,-0.26503158111498204,0.00014234075806455562,0.023424751694465562,0.02342518415805463
5.8,-0.9704330866726928,-0.24097730111659713,-0.00037643334522445093,0.009728225609104135,0.009735505922396965
5.8500000000000005,-0.9757437074494114,-0.21657645735566455,-0.00017533210506955516,-0.02256838379255177,0.022569064853355837
5.9,-0.9812164158063287,-0.192196518358159,0.0003610132426810077,-0.011716942882411133,0.011722503191344243
5.95,-0.9853881619079998,-0.16757775895372665,0.00020721944413559809,0.021536841887484982,0.02153783875843989
6.0,-0.9895440088563051,-0.14293946818484668,-0.0003426536659372573,0.01361452792943681,0.013618839241146624
6.05,-0.9925782214405033,-0.11815667053517444,-0.00023757852441186352,-0.020338102112797518,0.020339489696298695
6.1000000000000005,-0.9953966799973124,-0.09333011123163157,0.00032167339617742796,-0.015406238993563266,0.015409596805257353
6.15,-0.9972942185448208,-0.06843570399868396,0.0002658650284193357,0.018981434892512472,0.018983296731390632
6.2,-0.9987616391090748,-0.04349298656413315,-0.0002983758292364561,0.01707816930549211,0.017080775596047315
6.25,-0.999522483311116,-0.018538450351235962,-0.0002920008895868816,-0.01747732477632876,0.017479763895911028
6.3,-0.9996324386864608,0.006447130122358131,0.0002727219838810635,-0.01861737088904177,0.018619368305628197
6.3500000000000005,-0.999255467279766,0.031410708401327585,0.000316060075076193,0.015837407469324306,0.015840560890336763
6.4,-0.9980089016226527,0.05636556221817817,-0.00024473123963571653,0.020011937360467615,0.020013433745835148
6.45,-0.9964918530263305,0.08128690887931131,-0.0003377470816461339,-0.014074398548804027,0.014078450468774515
6.5,-0.9938970282096165,0.106138052203795,0.00021487187998747714,-0.02125107592058132,0.02125216218898963
6.55,-0.9912366492166242,0.13096512119039688,0.000356660998908335,0.01220198271162672,0.012207194156028632
6.6000000000000005,-0.9873088901145366,0.1556410445230153,-0.00018359612351074675,0.02232519915120438,0.0223259540597374
6.65,-0.9835012668682955,0.18032048395375827,-0.0003727369504014831,-0.010234687092296947,0.010241472194534551
6.7,-0.9782625180323169,0.20475194486215495,0.0001508776355344891,-0.023226014384802797,0.02322650443489013
6.75,-0.973303569439875,0.22922866714876444,0.00038602870774565945,0.008187778896772913,0.008196873881282036
6.8,-0.9667817855414775,0.2533493821042851,-0.00011671101103964224,0.023946580715347533,0.023946865127125773
6.8500000000000005,-0.9606678925111531,0.2775662467039235,-0.00039637040892970233,-0.006077172374312415,0.006090084857223345
6.9,-0.9528962876614319,0.30131345666100867,8.163563115356116e-05,-0.024481343333516647,0.024481479444465645
6.95,-0.9456250335729367,0.32521108255588765,0.00040356521018543746,0.003919297771823094,0.003940020292217983
7.0,-0.9366412277768196,0.34852595079306226,-4.621753714847039e-05,0.02482617244314511,0.024826215463447456
7.05,-0.9282122072965953,0.3720427039470985,-0.0004076110620800931,-0.001730942647757601,0.0017782882858963435
7.1000000000000005,-0.9180573134301028,0.39487052589764,1.0465303696860687e-05,-0.02497840771816521,0.024978409910510254
7.15,-0.9084729631761631,0.4179426968944156,0.00040852726498471137,-0.0004708785878584365,0.0006233948754517027
7.2,-0.8971906522802379,0.44023294035409055,2.5663163115289635e-05,0.024936883812625113,0.02493689701791916
7.25,-0.886457067642483,0.46279508385133017,-0.0004062512746933292,0.0026690297922437782,0.0026997703846947463
7.3,-0.8740926482911142,0.48450126665290166,-6.163894451945613e-05,-0.024701928525571477,0.024702005429558208
7.3500000000000005,-0.8622203510818558,0.5064866923848197,0.00040081700118366204,-0.004846386974723208,0.004862933371660014
7.4,-0.8488199156520058,0.5275660839707967,9.68472466339465e-05,0.024275350535195805,0.024275543721939824
7.45,-0.8358245208782515,0.5489075084068664,-0.0003923347542588904,0.006986002538597935,0.006997010649462824
7.5,-0.8214342012969412,0.5693206736317283,-0.00013123621693459725,-0.023660430532946492,0.023660794491077893
7.55,-0.8073369441782274,0.5899510064832488,0.0003807898809853326,-0.00907124738817311,0.009079236207462513
7.6000000000000005,-0.7920022966104097,0.6096612475038908,0.00016487720552271767,0.02286191074587074,0.022862505274905045
7.65,-0.7768304044400777,0.629514457159501,-0.0003661808742690212,0.011085916030600532,0.011091962074863322
7.7,-0.7605959410130647,0.6484871863505168,-0.00019731967609881688,-0.021885962391287442,0.021886851871555767
7.75,-0.7443828331996795,0.6674992087211927,0.0003487596639991654,-0.013014341178309833,0.013019013388451668
7.8,-0.7272917353477176,0.6857012684899269,0.00022798380572312352,0.020740124631776248,0.02074137763884752
7.8500000000000005,-0.710077027031213,0.703810935251685,-0.0003287838729559474,0.014841540028619926,0.014845181348041643
7.9,-0.6921710492964889,0.7212099093069779,-0.00025678616058089104,-0.019433241327668695,0.019434937808793636
7.95,-0.6740003549358641,0.7383598510940732,0.00030622052790063597,-0.01655334686364529,0.016556179009658695
8.0,-0.6553199004463459,0.7549234289392066,0.00028380692537092556,0.017975411541416023,0.0179776518615241
8.05,-0.6362444547347594,0.7710609028326344,-0.00028108452609273044,0.01813650281347508,0.018138680845474906
8.1,-0.616828810936591,0.7867563270904263,-0.0003087155905525295,-0.016377927296516787,0.016380836603966227
8.15,-0.5969049228881153,0.8018339330965167,0.00025379701131863125,-0.01957873969612537,0.019580384598153065
8.2,-0.5767926562637794,0.8166275518273092,0.0003310523418544132,0.014653173799886954,0.014656912978616635
8.25,-0.5560810168253592,0.8306038080049563,-0.0002247710034319894,0.020868887080350985,0.020870097507592632
8.3,-0.5353104907922491,0.8444607717989927,-0.0003507350563703621,-0.012814516145719304,0.012819315080325775
8.35,-0.5138753679319952,0.8573005189350117,0.00019398017971957354,-0.021996975099804507,0.021997830389643962
8.4,-0.49248533484797313,0.8701846547269831,0.0003678290136751955,0.010876209066150425,0.010882427203244411
8.45,-0.4703936909882154,0.8818592768258156,-0.00016142113827388746,0.02295430106875092,0.022954868641287
8.5,-0.44842393245166196,0.8937331365668982,-0.00038213333382216197,-0.0088533106586971,0.008861553786115486
8.55,-0.4257444992864282,0.9042205891678365,0.00012761073483772773,-0.023733475696464855,0.023733818764251444
8.6,-0.40323648854824556,0.9150456745252477,0.00039337694156852754,0.006761556071461819,0.006772989437883394
8.65,-0.38003885177328134,0.9243303135858184,-9.309195298545792e-05,0.024328480008768222,0.024328658114428456
8.700000000000001,-0.3570363769760877,0.9340674844784114,-0.0004015271682858238,-0.004617207706226792,0.0046346338657235605
8.75,-0.33339011796612766,0.942139703914058,5.786933466489488e-05,-0.024734725210144134,0.024734792905565923
8.8,-0.3099398169928112,0.9507497577220921,0.00040661712393437905,0.0024369316200199367,0.0024706220281802836
8.85,-0.2859137321405751,0.9576054659045647,-2.1904545287165982e-05,0.024949088985321406,0.02494909860108357
8.9,-0.262065528212772,0.965049849522441,-0.00040855629186246445,-0.0002376939313275909,0.0004726697035038027
8.950000000000001,-0.2377269509860111,0.9706898098728223,-1.4271747844962575e-05,-0.024969926494402474,0.024969930572964136
9.0,-0.21353436774594928,0.9769314368299726,0.000407300073264209,-0.0019633722453895977,0.002005174287598766
9.05,-0.1889486447331281,0.9813604973149349,5.004443298010436e-05,0.024797073820275038,0.02479712431903026
9.1,-0.16446895048164575,0.9863646429662509,-0.0004029169335361127,0.004149131976207402,0.004168649446921255
9.15,-0.1396990974361745,0.9895908941577721,-8.53649473921599e-05,-0.024431856258688156,0.024432005390868816
9.200000000000001,-0.11499325966973958,0.9933261253931898,0.00039540448797947803,-0.0063025912310018155,0.006314982259216196
9.25,-0.09009978014463783,0.9953600386433192,0.0001203037341582408,0.023877091545153235,0.023877394615914035
9.3,-0.0652322533764828,0.9977991276144266,-0.00038474396280755796,0.00840700257155528,0.008415801812961967
9.35,-0.04027311477259075,0.998652710961691,-0.00015438932340235576,-0.023137066970750384,0.023137582070565824
9.4,-0.015311469055995093,0.9997734943589167,0.0003711161973105985,-0.010445987189194686,0.010452577461503252
9.450000000000001,0.009657742555573235,0.9994595049877731,0.00018701462511209557,0.022217493268643453,0.022218280347772706
9.5,0.034643363727968925,0.999245650859816,-0.00035473180787966757,0.012403690347957852,0.012408761779627506
9.55,0.059569124991831035,0.9977769060287891,-0.00021809324207481642,-0.021125459561613817,0.021126585297951472
9.6,0.08450669620294285,0.996218548516921,0.00033556524562864797,-0.01426491931305024,0.01426886565364982
9.65,0.10933711742608043,0.993607371057128,0.00024771013126108815,0.019869396519731665,0.01987094055064969
9.700000000000001,0.1341535239798769,0.9907015828588879,-0.0003136247760796943,0.01601524000418327,0.016018310550484503
9.75,0.15883783858190492,0.9869594012972026,-0.0002755024377528357,-0.018459023856036445,0.01846107968973999
9.8,0.18345973628202056,0.9827104834108462,0.0002892778248344552,-0.01764107191160243,0.0176434435371973
9.85,0.20794771999225314,0.9778476097507519,0.00030095805409557924,0.016905262812191325,0.016907941521651412
9.9,0.23230243392982014,0.9722671828074999,-0.00026289416240558427,0.019129808909478165,0.01913161525469758
9.950000000000001,0.256543801712381,0.9662927794568686,-0.0003239808994617658,-0.015220137986537688,0.01522358577840528
10.0,0.2805602204380962,0.959399670794817,0.00023444861455642246,-0.02046993414125738,0.0204712767042088
10.05,0.3045040626345227,0.9523219025939126,0.00034464651236446964,0.013416699614629619,0.013421125503015295
10.1,0.32811348538899177,0.944141836416029,-0.00020393883365695456,0.021651095706630964,0.021652056169000834
10.15,0.3517077669765329,0.9359681955253347,-0.00036271931090100146,-0.011508944575153687,0.011514658941213151
10.200000000000001,0.37484466938143385,0.9265332986859517,0.00017185140563369394,-0.022664165452156878,0.022664816975840763
10.25,0.3980358128028083,0.9172710925627543,0.000377857785529345,0.009511698342645352,0.009519200694783542
10.3,0.42063848947614774,0.9066192401897251,-0.00013869948042584862,0.02350131228243531,0.02350172156550271
10.35,0.44337109186487905,0.8962762117403618,-0.0003900016590083025,-0.007440475001581366,0.007450689199207444
10.4,0.4653821423780744,0.8844502456083765,0.00010448411894148357,-0.024156077082027418,0.02415630304752698
10.450000000000001,0.4875988624667607,0.8730352850699525,0.0003991975024774478,0.005311361582796288,0.005326342132194338
10.5,0.5089655154958156,0.8600821381044129,-6.917091372208675e-05,0.02462342092739518,0.024623518082982944
10.55,0.5306071211056022,0.8476060544994602,-0.00040532536816821125,-0.0031409201159309963,0.0031669650817053034
10.6,0.5512813894162979,0.8335758153398327,3.328473992225689e-05,-0.024899747000053818,0.024899769246734007
10.65,0.5722869664536614,0.8200521352827874,0.0004082624063839191,0.0009460555677925179,0.0010303879511221062
10.700000000000001,0.5922256095630599,0.8049971054393142,2.5671652248796897e-06,0.024982920585654766,0.024982920717551618
10.75,0.6125329556714724,0.7904428438490668,-0.00040803697409045665,0.0012561482119091139,0.0013207583058634763
10.8,0.6316972511738393,0.7744166358647769,-3.8340350353253484e-05,-0.024872295898212337,0.024872325448793392
10.85,0.6512434459213159,0.7588529905742405,0.0004046596025093124,-0.0034485667708441517,0.0034722272631372295
10.9,0.6695988092704905,0.7419096951636228,7.410339093764446e-05,0.024568730406992256,0.02456884216083481
10.950000000000001,0.6883209150063588,0.7253626425923346,-0.0003980919361749047,0.005614141817998093,0.005628238227211284
11.0,0.7058363936655058,0.7075560917120288,-0.0001093695400155766,-0.024074572628464685,0.024074821057268613
11.05,0.7236722586756885,0.6900568575393488,0.000388440516588558,-0.007736009184827382,0.007745755233846549
11.1,0.7403199090020421,0.6714400324313484,0.00014351299380218228,0.02339363274892836,0.023394072949598232
11.15,0.7572090596835094,0.6530253934787843,-0.00037586848105789834,0.00979765879009705,0.009804865877829168
11.200000000000001,0.7729632414256208,0.6336500059868635,-0.00017644678647995218,-0.022531154246801553,0.02253184513442303
11.25,0.7888478236019308,0.61436240112511,0.0003603589588446012,-0.011783077532291353,0.011788586629075127
11.3,0.8036844744773061,0.5942786429537616,0.00020825895008906117,0.021493790284785187,0.021494799198797328
11.35,0.8185101859280122,0.5741661009415977,-0.00034191148849149755,0.013676851610689062,0.013681124714246649
11.4,0.8324061140078612,0.5534225599412629,-0.00023855769413009653,-0.020289561889941354,0.020290964281157002
11.450000000000001,0.8461230879332888,0.5325384474439389,0.00032083378423719555,-0.015464270199799197,0.015467597975429329
11.5,0.8590553071933279,0.5111822088598884,0.0002667860701726828,0.018927783058767484,0.01892966313295098
11.55,0.8716189157151701,0.48958479542400507,-0.00029744903363297214,0.017131459321818955,0.017134041391999345
11.6,0.883564068145919,0.4676617132572721,-0.00029283715430398566,-0.017418978825003907,0.017421440150139005
11.65,0.8949356062698588,0.4454135715556166,0.0002717346521116474,-0.018665507300054743,0.018667485167787202
11.700000000000001,0.9058695183437628,0.4229686676343878,0.00031679535631697525,0.01577482062992741,0.015778001305747424
11.75,0.9160167339749109,0.40013594335351305,-0.0002436880342057875,0.020054548710881893,0.020056029214556646
11.8,0.9259141248820612,0.37721390968097934,-0.00033839141384358246,-0.014008056134087583,0.014012142784196562
11.85,0.9348115721806637,0.35386549163536696,0.00021375790662525596,-0.021287835065470533,0.02128890824390301
11.9,0.9436459276933988,0.3305112809048624,0.0003572181494918188,0.012132400323572805,0.012137658028538943
11.950000000000001,0.9512751265814169,0.30671790989159786,-0.0001824216852526576,0.02235582410089535,0.02235656836147766
12.0,0.9590187587159162,0.28297736199812124,-0.0003731909068198647,-0.01016240681341333,0.010169256791636383
12.05,0.9653681515603474,0.25881072346781775,0.00014967766199258678,-0.023250269869362444,0.023250751652380677
12.1,0.9719924500195817,0.23473117152832465,0.00038636916682259026,0.008113363598343248,0.008122558095328867
12.15,0.977057164644938,0.21026300509668908,-0.00011549507307562212,0.023964280892465092,0.023964559203224923
12.200000000000001,0.9825330204361609,0.185893839770005,-0.00039660253089701685,-0.006001200558719222,0.006014291455648439
12.25,0.9863144509682087,0.16119509807151486,8.038559350553864e-05,-0.0244923536345523,0.0244924855497275
12.3,0.9906128366101205,0.13658826600565355,0.000403691259090159,0.0038423598907323013,0.0038635082713220823
12.35,0.9931180579394344,0.11172837655190558,-4.4940615851141364e-05,0.024830410602669585,0.024830451271697
12.4,0.9962107465767058,0.08693875436093004,-0.000407625911797993,-0.0016536384352481277,0.0017031379740053423
12.450000000000001,0.9974517914049611,0.06198502384495786,9.199743629451085e-06,-0.024975843095141486,0.024975844789484287
12.5,0.9993121805364131,0.037070630646027815,0.00040843030835909416,-0.0005479461021411502,0.0006834180621244837
12.55,0.9993052215761615,0.01208779280790236,2.6902627712728768e-05,0.024927537119069993,0.02492755163617138
12.6,0.9999092165307709,-0.012890149876785183,-0.0004060444365711442,0.0027452617207709418,0.0027751277448075447
12.65,0.9986736893185819,-0.03784023575119695,-6.287073078625749e-05,-0.024685873531805808,0.024685953592217178
12.700000000000001,0.9980006095891557,-0.06281740053764305,0.00040049833525605333,-0.004921191355338564,0.004937461217306105
12.75,0.995558316732034,-0.08767586542112162,9.806893365649235e-05,0.024252713581384366,0.024252911857680394
12.8,0.9935917838676289,-0.11258510279500537,-0.00039190793783257726,0.007058797006509946,0.007069668097644327
12.85,0.9899660266836415,-0.13729599266232242,-0.0001324115543908842,-0.02363138818558389,0.023631759147331587
12.9,0.9866947871733878,-0.16206779882954517,0.00038026626279249066,-0.009141465469663546,0.009149371200452474
12.950000000000001,0.9819095678114039,-0.18657784917217782,0.00016598813033848653,0.022826688407249364,0.022827291904671164
13.0,0.9773282120414056,-0.2111409751559941,-0.00036556188555817825,0.011153012859726918,0.011159002255641266
13.05,0.9714075366434041,-0.23539925945448864,-0.00019838214596179515,-0.02184483301484393,0.02184573379225911
13.1,0.96551708309006,-0.2596814347706963,0.00034803758529126444,-0.013077797328798362,0.013082427646805504
13.15,0.9584844034014731,-0.2836388858103304,0.00022899967676526245,0.02069340764526576,0.02069467469725248
13.200000000000001,0.9512927161167476,-0.30756764614851984,-0.0003279675826346103,0.01490086411780304,0.014904472959232385
13.25,0.9431705378528912,-0.3311764835342898,-0.0002577259961127711,-0.01938130026001772,0.01938301376097214
13.3,0.9346925535370304,-0.3546800658768321,0.00030533329310307905,-0.01660807891414884,0.016610885395982735
13.35,0.9255022226575558,-0.3778931937224606,0.0002846530015398287,0.01791864961311255,0.017920910448099004
13.4,0.9157599802970119,-0.40090144590103705,-0.00028013023714305396,0.01818621970247758,0.018188377058345407
13.450000000000001,0.9055216494509657,-0.4236718544765977,-0.0003094793135069252,-0.016316784398631823,0.016319719071017234
13.5,0.8945441210022608,-0.4461171195950895,0.0002527622860908352,-0.019623058816485444,0.019624686649435116
13.55,0.8832769045450505,-0.46839731035706045,0.00033173777392288734,0.014588124761596766,0.014591896175979323
13.6,0.8710996317632427,-0.49021525013133327,-0.0002236658583131268,0.02090746756155504,0.02090866390407697
13.65,0.8588219360237019,-0.5119567340267575,-0.0003513228663987915,-0.01274606757404643,0.012750908452287331
13.700000000000001,0.8454864904453068,-0.5330870497098069,0.00019283723255399563,-0.022029519741490068,0.022030363733696264
13.75,0.8322164893587989,-0.5542399706421545,0.0003683060973717807,0.010804893856381021,0.010811169253555396
13.8,0.817769780952951,-0.5746269935962707,-0.00016024903940455487,0.022980559532277584,0.022981118253278806
13.85,0.803526012191556,-0.595139888115707,-0.00038250611537852603,-0.008779682501695621,0.008788010910261905
13.9,0.7880194739960882,-0.6147330179891963,0.0001263921744670828,-0.023753247612900097,0.023753583879943477
13.950000000000001,0.7728215330917843,-0.6345527218811077,0.00039364879234771193,0.006686187269318836,0.006697765267021388
14.0,0.756310225391859,-0.6533066828941065,-9.183446277005755e-05,0.024341615499952392,0.024341788732878174
14.05,0.740179507799874,-0.6723784184485346,-0.00040168965809298917,-0.004540686121274358,0.00455841913752481
14.1,0.7227211880951048,-0.6902533184495663,5.66105586265277e-05,-0.02474112442223194,0.024741189187905053
14.15,0.7056816278777985,-0.7085209745735753,0.00040666594660524824,0.00235985359439587,0.002394636961861119
14.200000000000001,0.6873358195879393,-0.7254821846289532,-2.0658572390604608e-05,0.02494870388995803,0.024948712443038423
14.25,0.669414597289828,-0.7428887612275791,-0.0004084941380091781,-0.00016065871536459958,0.0004389518010106176
14.3,0.650241689382277,-0.7589066287911531,-1.5523517598185494e-05,-0.02496276204887693,0.024962766875658016
14.35,0.6314698791630208,-0.7753948277044067,0.0004071266896110333,-0.002039765738865662,0.002079999137221893
14.4,0.6115303128758407,-0.7904442229564825,5.129886834213485e-05,0.02478318747582172,0.02478324056768242
14.450000000000001,0.5919434129069333,-0.8059571839052349,-0.00040263332960314513,0.004224289056857492,0.004243433943634951
14.5,0.5712969982363674,-0.820016901105884,-8.658472101563694e-05,-0.02441135732930773,0.024411510882636073
14.55,0.5509353058928234,-0.8344990538573339,0.0003950179764835582,-0.006375926340503953,0.006388151211522571
14.6,0.5296406762325204,-0.8475511216800145,0.00012147080597994315,0.023850139474008714,0.023850448802619502
14.65,0.5085495055917023,-0.8609490990981441,-0.0003842560114861356,0.008477945850087727,0.008486649428330533
14.700000000000001,0.48666372045810347,-0.8729780376606744,-0.0001555204693312423,-0.023103870603421006,0.02310439402962134
14.75,0.4648934534226888,-0.8852416100415745,0.00037052099654026144,-0.010513989096490817,0.010520515792013478
14.8,0.44247178498222495,-0.8962336596457634,0.0001881111851084934,0.022178310953457715,0.022179108696388714
14.85,0.42007772969677276,-0.9073166619469395,-0.00035403659707696416,0.012468223240128454,0.012473248681788923
14.9,0.3971736406342896,-0.9172590261300799,-0.00021912349643060658,-0.0210805963281453,0.021081735143410305
14.950000000000001,0.37421569651777165,-0.9271202339875284,0.0003347895593250142,-0.014325481876821887,0.01432939339442481
15.0,0.35088097805616386,-0.9360003934701753,0.00024865509601549706,0.01981920032824654,0.01982076010166972
15.05,0.327423136998992,-0.9446042994931163,-0.00031277192011336375,0.016071363512074312,0.016074406720350362
15.1,0.30370818784169146,-0.9524094289732794,-0.0002763747789768694,-0.018403883514540403,0.018405958585067675
15.15,0.2798178940557539,-0.9597268850676486,0.0002883360935468371,-0.017692323563602876,0.017694672949282206
15.200000000000001,0.2557721404689047,-0.9664433976251372,0.0003017620455823729,0.01684560647006609,0.016848309045019518
15.25,0.23151952739605272,-0.9724520972772434,-0.00026187292344489083,0.01917579346976424,0.01917758151131384
15.3,0.20719194880296302,-0.9780653475984938,-0.0003246940149105685,-0.015156430119504108,0.01515990765706474
15.35,0.18264898879860597,-0.982750123231997,0.00023337785938056427,-0.02051029644353763,0.020511624153807067
15.4,0.1580886913096618,-0.9872442941212944,0.0003452531423305816,0.013349435576320068,0.013353899428204821
15.450000000000001,0.13332829948792743,-0.9905972174625539,-0.00020282625940433913,0.021685524824660903,0.02168647332814832
15.5,0.10858510869097603,-0.9939553895328538,-0.0003632272074125531,-0.011438646358706873,0.011444411934379275
15.55,0.08368023717144517,-0.9959756707520796,0.00017068064680425543,-0.022692397794689866,0.022693039672014834
15.6,0.0588052889140583,-0.9981800747798708,0.00037827125828289915,0.009438912457806111,0.00944648916428587
15.65,0.03382805908641837,-0.9988737637428802,-0.00013747834857591457,0.02352313211935412,0.02352353385443855
15.700000000000001,0.008874330517382718,-0.9999062110659533,-0.00039030892685894747,-0.007365768598526186,0.0073761025010109635
15.75,-0.016104750887178092,-0.9992857146137442,0.0001032491540324439,-0.024171317604866866,0.024171538121169605
15.8,-0.04108202170777385,-0.9991281854159205,0.0003993907564993441,0.005235316867209905,0.005250529085384601
15.85,-0.06599474261362741,-0.9972116287518147,-6.793523246935902e-05,0.024631965942442952,0.02463205962532326
15.9,-0.09093775587547884,-0.99584698524141,-0.00040540819374997527,-0.003064128559776927,0.003090831544164165
15.950000000000001,-0.11571875508025524,-0.9926574445487841,3.202996240066646e-05,-0.024901532351888002,0.024901552951384704
16.0,-0.14056697981435542,-0.9900702399835674,0.00040823613156093524,0.0008691138113689304,0.0009602164111407729
16.05,-0.16515413599188924,-0.9856348827163117,3.837190931481057e-06,0.02497793518679048,0.024977935481531297
16.1,-0.1898443167109313,-0.9818122278584445,-0.0004078997780498176,0.0013326406209474375,0.001393668989944263
16.15,-0.21417894709536078,-0.9761614042575362,-3.9587915480310265e-05,-0.024860580377926933,0.02486061189774736
16.2,-0.23864530337377335,-0.97109384438841,0.0004044147358106172,-0.0035240132323178055,0.0035471425880688467
16.25,-0.26267219454170926,-0.9642601737337397,7.531061459016996e-05,0.024550376036763983,0.02455049154773047
16.3,-0.28684678328513924,-0.9579425349399958,-0.00039774109294599125,0.0056879562174343415,0.005701845658071416
16.35,-0.31051406786688857,-0.9499600218682894,-0.00011055377960685527,-0.024049722411928744,0.024049976512026224
16.4,-0.33432729175879927,-0.9423921906979092,0.00038797979962768014,-0.007807618852072743,0.007817252744037436
16.45,-0.3575861572685444,-0.9332954184881197,0.00014467514060619485,0.023362480684024873,0.023362928639358228
16.5,-0.38096742676597695,-0.9244830108600524,-0.00037530319598936635,0.009866507049071474,0.00987364237950195
16.55,-0.40377167240547607,-0.9143064531265297,-0.0001775531196132422,-0.022493942853847905,0.022494643589585046
16.6,-0.42665019775275315,-0.9042613339119691,0.00035970476082199544,-0.011848629198321192,0.011854087961301262
16.65,-0.44895569719486633,-0.8930388085727341,0.00020928956727224907,0.021450808291383162,0.02145182925712028
16.7,-0.4712613554118912,-0.88177944288622,-0.00034117118188277845,0.013738598506808364,0.013742834012918306
16.75,-0.4930254622213968,-0.8695437234178437,-0.00023952650735081793,-0.020241142177580107,0.020242559363893096
16.8,-0.5146896997126681,-0.8570953449650448,0.00031999742407669746,-0.015521735175731745,0.01552503337249115
16.85,-0.5358706098974111,-0.8438779556826678,0.00026769733422134695,0.018874301510725333,0.018876199813005735
16.9,-0.5568273545772294,-0.8302725361868413,-0.00029652516020820896,0.017184198355815156,0.01718675653817895
16.95,-0.5773834696128151,-0.8161037388425685,-0.0002936653415317088,-0.017360851644271737,0.017363335196534956
17.0,-0.597570009853454,-0.8013797564576989,0.00027075022903929214,-0.018713112251743064,0.018715070820941638
17.05,-0.617459362421447,-0.7862887116281634,0.00031752276513278643,0.015712499478583736,0.01571570744735571
17.1,-0.6368171467761304,-0.7704907338766147,-0.00024264970892999115,0.020096652163945662,0.020098117003338044
17.150000000000002,-0.6559969174575607,-0.7545058218981895,-0.0003390270940173412,-0.013942024410596297,0.013946145848804999
17.2,-0.6744722408507812,-0.7376839203840299,0.0002126506035979118,-0.02132411366539932,0.021325173947569116
17.25,-0.6928983836164319,-0.7208332145412256,0.0003577671301212189,0.012063170874996493,0.012068475002201349
17.3,-0.7104429278335889,-0.7030422383624281,-0.00018125332998345862,0.0223859997883696,0.02238673355571361
17.35,-0.7280699445323786,-0.6853540940382006,-0.0003736381489124101,-0.010090519032708889,0.010097434318468379
17.400000000000002,-0.7446411441837046,-0.6666528382691929,0.0001484830213854443,-0.023274110978444597,0.02327458461594095
17.45,-0.7614220400483696,-0.6481565493105156,0.00038670356531008326,0.008039377692973543,0.008048672768705667
17.5,-0.776983267388557,-0.6286068528040201,-0.00011428632179747802,0.023981604406814405,0.023981876725733747
17.55,-0.7928696803021041,-0.6093333462299062,-0.0003968286645970043,-0.0059256912810124645,0.005938963726687761
17.6,-0.8073902456890929,-0.5889991519954424,7.91448417366188e-05,-0.02450302813653012,0.024503155955214427
17.650000000000002,-0.8223327440044771,-0.5689816936002436,0.0004038119247155764,0.003765914192994102,0.003787502314129579
17.7,-0.8357877025762317,-0.5479281262288743,-4.3672194719753435e-05,0.024834356504107855,0.02483439490371601
17.75,-0.8497362617382955,-0.5272029781748527,-0.0004076363199916332,-0.0015768524876842804,0.0016286900065059723
17.8,-0.8621060330234563,-0.5054954878094862,7.941382555590913e-06,-0.024973031624146803,0.024973032886820002
17.85,-0.8750106783638365,-0.48410246775599236,0.0004083297200944136,-0.0006244738413164012,0.0007461238092976553
17.900000000000002,-0.8862805164305109,-0.461806061664592,2.8133473867542058e-05,0.024917991304917154,0.02491800718685743
17.95,-0.8980920883156038,-0.43978899040034547,-0.0004058348979746329,0.0028209362196942216,0.0028499794946625153
18.0,-0.9082514324924477,-0.4169675722692437,-6.409191417263353e-05,-0.024669668652599265,0.024669751908004692
18.05,-0.9189224406297146,-0.3943745920522491,0.00040017785010937335,-0.0049954247274826,0.005011427992066011
18.1,-0.9279641677003998,-0.37109045757682935,9.928070768938665e-05,0.02422997666832786,0.024230180065501615
18.150000000000002,-0.9374497117996459,-0.3479741763017555,-0.00039147966026446346,0.007131012021052559,0.007141749699394182
18.2,-0.9453693269303733,-0.3242876926857423,-0.00013357861324677273,-0.023602296999741108,0.02360267499479466
18.25,-0.9536280417152156,-0.3007051334044077,0.00037974179813604625,-0.009211099894787928,0.009218924292183649
18.3,-0.9604228651084208,-0.2766745863892953,0.00016709014146243373,0.022791468788843305,0.022792081271094847
18.35,-0.9674178357642859,-0.25268696261408274,-0.00036494363756855996,0.011219526056704324,0.011225459847848954
18.400000000000002,-0.9730862243104044,-0.22836856050436238,-0.00019943401865692598,-0.021803757589566763,0.021804669659327286
18.45,-0.9787858317133837,-0.2040408893877447,0.00034731753045199226,-0.01314067481525923,0.01314526394057371
18.5,-0.9833264681250949,-0.179488941132768,0.00023000545438952208,0.020646795559568533,0.020648076651050767
18.55,-0.9877051312291432,-0.15488949031776642,-0.000327153173737771,0.014959618960772358,0.014963195803389947
18.6,-0.9911164200885729,-0.13015674291791884,-0.00025865755753773394,-0.019329514244644314,0.019331244777974824
18.650000000000002,-0.9941551980566974,-0.1053563315177739,0.00030444802809722243,-0.01666225550158107,0.016665036663679467
18.7,-0.996434807838876,-0.08049441461233998,0.000285490824713556,0.017862091729684892,0.01786437309201398
18.75,-0.99812183205739,-0.0555656124570884,-0.00027917986974131586,0.018235399258030475,0.01823753622338958
18.8,-0.9992664006375749,-0.030625558578107188,-0.0003102337024286271,-0.016255892933124978,0.016258852973175728
18.85,-0.9995971173074188,-0.005641819279403761,0.00025173322617559146,-0.01966686286679634,0.019668473876702626
18.900000000000002,-0.9996021362186838,0.019325353379888065,0.0003324143629720444,0.014523372545792205,0.014527176236715133
18.95,-0.9985793484871713,0.0442905911287019,-0.0002225658187873238,0.020945559322658323,0.02094674177247362
19.0,-0.9974392365688836,0.06923328196646653,-0.0003519034084364935,-0.012677959037356171,0.012682842006496425
19.05,-0.9950729425681641,0.0941074803331128,0.00019169887048908781,-0.022061605696876575,0.02206243854113601
19.1,-0.9927813057289967,0.11897295658418598,0.0003687764606878178,0.010733959043685126,0.0107402920271968
19.150000000000002,-0.9890883432506182,0.1436853150647331,-0.00015908346932125284,0.02300639303378634,0.02300694303846697
19.2,-0.9856384027417291,0.1684192316897719,-0.0003828719680657083,-0.008706472345448451,0.008714886783314465
19.25,-0.980641915111285,0.19290144304359316,0.00012518212669128834,-0.023772631565994184,0.023772961156266294
19.3,-0.9760270884418611,0.21744744996475812,0.0003939142586155317,0.006611271026299029,0.006622995774294412
19.35,-0.9697558373236111,0.2416343303928936,-9.058480063609911e-05,0.02435440268517508,0.024354571147071537
19.400000000000002,-0.9639704429569447,0.2659338183560453,-0.00040184687299079253,-0.004464647529889583,0.004482695447549569
19.45,-0.9564580024703034,0.289763775940846,5.535850861600651e-05,-0.024747218100151198,0.02474728001742671
19.5,-0.9494980474361733,0.31375579708605766,0.000406710299521995,0.002283285547437841,0.00231922533594211
19.55,-0.9407819177052494,0.3371711389883487,-1.9420772456239334e-05,0.024948058425787362,0.024948065984819395
19.6,-0.932645930391325,0.3607924898313199,-0.00040842818051763536,-8.41569143116653e-05,0.0004170083510763389
19.650000000000002,-0.9227666046909968,0.38373956772148976,-1.67650181964002e-05,-0.024955383891240985,0.02495538952260704
19.7,-0.9134564782292998,0.4069250293126945,0.00040695027146001945,-0.002115607209633626,0.0021543914196113854
19.75,-0.9024565131915745,0.4293541983934399,5.254362956386168e-05,0.02476913612101561,0.02476919185226696
19.8,-0.8919783097811083,0.45203695668366733,-0.0004023472468865178,0.004298879630708814,0.004317667123158096
19.85,-0.8799014471412423,0.4739023463014753,-8.779649464292956e-05,-0.024390743421611478,0.0243909014364651
19.900000000000002,-0.8682661149733591,0.4960145866184443,0.000394629669511796,-0.0064486845678148885,0.0064607480396029135
19.95,-0.8551564873531023,0.5172737263841138,0.0001226290151301603,0.023823123004281133,0.023823438617304193
20.0,-0.8423804627112453,0.5387473541675881,-0.0003837676762155443,0.008548306799015562,0.008556916895670051
